date,Battery (Charging) -  GWh,Pumps -  GWh,Coal -  GWh,Bioenergy -  GWh,Distillate -  GWh,Gas -  GWh,Battery (Discharging) -  GWh,Hydro -  GWh,Wind -  GWh,Solar -  GWh,Coal Emissions Vol - tCO₂e,Bioenergy Emissions Vol - tCO₂e,Distillate Emissions Vol - tCO₂e,Gas Emissions Vol - tCO₂e,Emissions Intensity - kgCO₂e/MWh,Volume Weighted Price - AUD/MWh,Battery (Charging) Market Value - AUD,Pumps Market Value - AUD,Coal Market Value - AUD,Bioenergy Market Value - AUD,Distillate Market Value - AUD,Gas Market Value - AUD,Battery (Discharging) Market Value - AUD,Hydro Market Value - AUD,Wind Market Value - AUD,Solar Market Value - AUD
1999-01-01,0.00,-42.41,12497.40,0.00,3.58,674.49,0.00,723.95,0.00,0.00,13067627.78,0.00,3755.77,438512.46,974.95,0.00,0.00,7092317.61,560292930.48,0.00,3711809.52,43506423.71,0.00,29710553.69,0.00,0.00
1999-02-01,0.00,-21.76,11698.84,0.00,2.11,663.53,0.00,597.19,0.00,0.00,12302870.18,0.00,2218.78,431109.83,984.26,17.32,0.00,1861679.76,356109629.05,0.00,233179.49,52809247.46,0.00,16609344.37,0.00,0.00
1999-03-01,0.00,-64.14,12838.51,0.00,11.15,613.44,0.00,555.48,0.00,0.00,13507624.73,0.00,11689.93,409086.01,998.13,0.00,0.00,3644524.52,354182085.91,0.00,1769107.01,28703226.81,0.00,16394230.14,0.00,0.00
1999-04-01,0.00,-18.47,11910.98,0.00,1.74,659.95,0.00,515.20,0.00,0.00,12500819.62,0.00,1812.13,426522.27,989.27,0.00,0.00,368684.65,385209012.65,0.00,65833.80,43837098.22,0.00,16764136.83,0.00,0.00
1999-05-01,0.00,-52.86,12804.47,0.00,3.68,710.02,0.00,502.29,0.00,0.00,13347283.60,0.00,3866.45,451650.05,988.20,0.00,0.00,1146792.24,361774054.36,0.00,294641.58,29189966.00,0.00,15489611.85,0.00,0.00
1999-06-01,0.00,-39.98,13300.87,0.00,0.31,653.98,0.00,480.15,0.00,0.00,13818242.94,0.00,328.57,422643.73,989.29,0.00,0.00,947234.09,418301481.36,0.00,13930.27,32311022.11,0.00,17985347.28,0.00,0.00
1999-07-01,0.00,-35.85,13649.36,0.00,0.00,699.01,0.00,565.83,0.00,0.00,14336741.99,0.00,4.86,451855.99,993.97,0.00,0.00,852255.49,350413396.11,0.00,91.65,28415421.46,0.00,15502691.50,0.00,0.00
1999-08-01,0.00,-33.76,13297.39,0.00,6.66,814.30,0.00,523.46,0.00,0.00,13994222.96,0.00,6993.63,518901.81,993.98,0.00,0.00,1204366.24,452482015.20,0.00,1286672.52,40105994.77,0.00,17651506.83,0.00,0.00
1999-09-01,0.00,-3.54,12404.34,0.00,0.00,672.29,0.00,450.28,0.00,0.00,13075114.11,0.00,0.00,444360.91,999.71,17.01,0.00,75481.62,290093786.58,0.00,0.00,25692131.14,0.00,9986551.80,0.00,0.00
1999-10-01,0.00,-7.80,12497.51,0.00,5.88,738.39,0.00,495.74,0.00,0.00,13132852.05,0.00,6166.95,491730.57,992.79,0.00,0.00,131608.74,303585831.65,0.00,404743.63,33467991.08,0.00,11841593.44,0.00,0.00
1999-11-01,0.00,-11.95,12226.21,0.00,3.06,674.56,0.00,516.78,0.00,0.00,12831033.42,0.00,3214.41,442868.26,990.19,0.00,0.00,280269.38,320484465.21,0.00,519497.43,59633639.96,0.00,12961806.92,0.00,0.00
1999-12-01,0.00,-30.10,12574.07,0.00,0.82,712.09,0.00,505.68,0.00,0.00,13240642.78,0.00,867.41,473121.86,996.52,0.00,0.00,592217.85,275886244.58,0.00,36984.22,25103490.70,0.00,10475469.91,0.00,0.00
2000-01-01,0.00,-35.84,12376.52,0.00,16.09,1003.78,0.00,524.27,0.00,0.00,12851365.20,0.00,16891.46,659295.67,974.27,0.00,0.00,11153738.83,690614423.54,0.00,11328437.12,67320450.71,0.00,31601810.74,0.00,0.00
2000-02-01,0.00,-51.93,12268.59,0.00,5.53,1170.08,0.00,683.46,0.00,0.00,12785809.81,0.00,5824.84,753093.13,962.28,55.38,0.00,1643356.34,610239268.81,0.00,2077618.36,121670715.41,0.00,47939879.24,0.00,0.00
2000-03-01,0.00,-63.57,13169.45,0.00,22.93,819.93,0.00,638.92,0.00,0.00,13832246.33,0.00,24071.63,537153.51,986.69,47.34,0.00,4967116.47,568232716.41,0.00,3187475.62,82055091.18,0.00,31388369.33,0.00,0.00
2000-04-01,0.00,-32.45,12239.28,0.00,3.94,576.84,0.00,464.85,0.00,0.00,12842450.28,0.00,4133.77,373415.58,997.55,0.00,0.00,1274284.76,367115546.24,0.00,514571.34,24853063.58,0.00,13499209.99,0.00,0.00
2000-05-01,0.00,-37.57,13322.49,0.00,2.00,820.17,0.00,509.29,0.00,0.00,13938036.33,0.00,2097.51,503792.56,988.20,58.62,0.00,1433140.48,730527434.33,0.00,1780096.07,60837482.56,0.00,45531313.22,0.00,0.00
2000-06-01,0.00,-65.63,13390.51,0.00,6.50,1080.67,0.00,633.46,0.00,0.00,13918140.82,0.00,6762.08,649939.39,968.72,0.00,0.00,1936301.75,573943992.88,0.00,882909.27,63073894.65,0.00,35460986.63,0.00,0.00
2000-07-01,0.00,-95.91,13941.79,0.00,4.64,780.74,0.00,727.64,0.00,0.00,14481394.28,0.00,4873.68,481796.39,974.55,0.00,0.00,3538104.69,694230728.97,0.00,661275.00,49697037.39,0.00,38540000.92,0.00,0.00
2000-08-01,0.00,-122.86,13716.76,0.00,2.30,777.19,0.00,739.04,0.00,0.00,14205069.67,0.00,2414.22,485806.53,972.27,55.33,0.00,3793596.42,712977394.69,0.00,284147.92,54290439.56,0.00,49161947.81,0.00,0.00
2000-09-01,0.00,-22.14,12517.10,0.00,0.05,566.79,0.00,662.95,0.00,0.00,13109476.78,0.00,48.63,351900.47,980.81,27.65,0.00,478015.81,332230110.95,0.00,5465.85,19326478.58,0.00,16369839.52,0.00,0.00
2000-10-01,0.00,-12.16,12782.74,0.00,4.50,601.46,0.00,595.84,0.00,0.00,13435672.98,0.00,4726.84,371377.19,988.51,0.00,0.00,251549.11,457104332.83,0.00,574019.47,30158618.92,0.00,20880520.75,0.00,0.00
2000-11-01,0.00,-67.66,12751.75,0.00,8.40,645.31,0.00,381.49,0.00,0.00,13308137.25,0.00,8866.29,396555.93,999.58,0.00,0.00,1257400.85,444938363.60,0.00,503360.98,36697766.85,0.00,15023214.30,0.00,0.00
2000-12-01,0.00,-106.33,13277.95,0.00,5.36,611.92,0.00,375.23,0.00,0.00,13920156.75,0.00,5611.21,368459.50,1009.18,0.00,0.00,2048273.88,403296024.06,0.00,669110.95,26577229.07,0.00,12972102.62,0.00,0.00
2001-01-01,0.00,-142.38,13497.88,0.00,5.06,970.87,0.00,508.25,0.00,0.00,14137144.56,0.00,5523.14,566541.07,991.21,0.00,0.00,3336741.19,856340771.69,0.00,2181280.55,105299808.89,0.00,84870405.40,0.00,0.00
2001-02-01,0.00,-124.78,12580.02,0.00,2.38,908.54,0.00,456.66,0.00,0.00,13180930.87,0.00,2741.31,515220.95,991.03,0.00,0.00,2585982.10,459069413.65,0.00,558929.40,59299465.34,0.00,22652446.41,0.00,0.00
2001-03-01,0.00,-107.92,13322.07,0.00,1.89,860.52,0.00,477.91,0.00,0.00,14020127.51,0.00,1986.34,484387.55,996.70,39.25,0.00,2382265.91,496768213.51,0.00,713191.81,41009488.64,0.00,21644582.37,0.00,0.00
2001-04-01,0.00,-68.24,12533.19,0.00,0.06,674.59,0.00,373.70,0.00,0.00,13155188.60,0.00,59.73,370453.62,1000.92,0.00,0.00,1479405.87,375031012.81,0.00,10945.83,24254963.33,0.00,12534880.79,0.00,0.00
2001-05-01,0.00,-32.36,13377.67,0.00,0.18,893.99,0.00,663.19,0.00,0.00,13925001.12,0.00,183.16,488757.81,967.20,0.00,0.00,810321.08,486357740.86,0.00,11579.70,36439791.66,0.00,26866535.13,0.00,0.00
2001-06-01,0.00,-23.85,13433.33,0.00,0.35,860.20,0.00,575.30,0.00,0.00,14064105.78,0.00,370.26,465389.02,978.75,33.03,0.00,517770.27,430306731.22,0.00,27211.56,30826592.47,0.00,19493810.57,0.00,0.00
2001-07-01,0.00,-26.58,14314.33,0.00,0.01,833.48,0.00,486.45,0.00,0.00,14961170.56,0.00,6.42,450883.16,987.47,35.51,0.00,493803.43,457295056.18,0.00,177.89,44000453.50,0.00,16384193.75,0.00,0.00
2001-08-01,0.00,-29.50,14110.92,0.00,0.75,915.07,0.00,429.16,0.00,0.00,14784510.40,0.00,834.87,484133.59,989.83,50.75,0.00,547812.40,617150939.72,0.00,20869.06,62592816.63,0.00,28783810.65,0.00,0.00
2001-09-01,0.00,-15.88,12727.75,0.00,0.23,765.51,0.00,473.59,0.00,0.00,13336180.15,0.00,241.44,406640.11,985.08,0.00,0.00,280552.79,331526572.32,0.00,5413.47,21282384.94,0.00,13027643.63,0.00,0.00
2001-10-01,0.00,-57.62,12963.49,0.00,2.03,835.08,0.00,577.50,0.00,0.00,13538361.51,0.00,2133.12,443591.14,976.51,32.66,0.00,1169959.83,412370979.26,0.00,649650.18,29469358.62,0.00,21911837.07,0.00,0.00
2001-11-01,0.00,-16.15,12879.00,0.00,19.47,648.10,0.00,438.87,0.00,0.00,13390588.31,0.00,20445.51,371470.05,986.63,0.00,0.00,302078.06,325196695.56,0.00,533987.13,19503355.66,0.00,13248762.97,0.00,0.00
2001-12-01,0.00,-27.60,12937.54,0.00,44.01,804.24,0.00,477.00,0.00,0.00,13293819.09,0.00,46207.85,434082.15,967.61,33.84,0.00,580651.15,420088521.71,0.00,1541965.14,27994914.44,0.00,25776193.92,0.00,0.00
2002-01-01,0.00,-48.73,13560.05,0.00,19.73,741.12,0.00,453.57,0.00,0.00,14101031.45,0.00,20716.07,411124.46,986.90,0.00,0.00,895429.46,537543068.50,0.00,1036062.79,30032041.30,0.00,20011764.15,0.00,0.00
2002-02-01,0.00,-45.33,12559.28,0.00,25.62,656.71,0.00,484.90,0.00,0.00,13119644.65,0.00,26900.43,363695.93,987.51,0.00,0.00,779698.69,481683896.65,0.00,1425784.55,26228714.50,0.00,22020424.76,0.00,0.00
2002-03-01,0.00,-21.66,13643.81,0.00,12.06,712.86,0.00,348.48,0.00,0.00,14206226.49,0.00,12679.69,386408.40,993.86,0.00,0.00,363877.70,472453185.81,0.00,713580.64,25545257.35,0.00,15671673.62,0.00,0.00
2002-04-01,0.00,-20.09,13049.44,0.00,2.58,708.32,0.00,222.53,0.00,0.00,13506503.63,0.00,2704.23,384537.79,995.06,0.00,0.00,326591.87,643953546.56,0.00,79255.39,28106739.01,0.00,15740183.93,0.00,0.00
2002-05-01,0.00,-14.96,13803.95,0.00,6.33,963.34,0.00,404.30,0.00,0.00,14184646.84,0.00,6706.18,519997.04,970.22,0.00,0.00,356773.00,944834760.71,0.00,1372334.63,89516944.52,0.00,85728308.36,0.00,0.00
2002-06-01,0.00,-23.89,13991.06,0.00,0.58,918.58,0.00,444.95,0.00,0.00,14530085.18,0.00,615.64,493381.99,979.96,0.00,0.00,429140.38,724981517.07,0.00,249099.21,53640563.29,0.00,58747514.99,0.00,0.00
2002-07-01,0.00,-38.78,14738.30,0.00,0.63,1009.84,0.00,561.39,0.00,0.00,15361621.18,0.00,695.88,547910.49,977.80,51.42,0.00,855824.00,705473564.42,0.00,481424.03,58331774.40,0.00,46312295.99,0.00,0.00
2002-08-01,0.00,-34.43,14392.30,0.00,0.38,878.70,0.00,426.76,0.00,0.00,15048530.10,0.00,406.72,457713.36,989.97,0.00,0.00,579884.36,428626514.19,0.00,12984.51,27157098.86,0.00,15180104.63,0.00,0.00
2002-09-01,0.00,-50.43,13106.34,0.00,0.82,791.90,0.00,503.95,0.00,0.00,13669155.69,0.00,864.37,412566.87,981.19,31.81,0.00,883535.88,406932382.58,0.00,25533.52,24489619.45,0.00,18502352.18,0.00,0.00
2002-10-01,0.00,-37.28,13374.10,0.00,0.47,833.32,0.00,536.40,0.00,0.00,13920824.81,0.00,461.14,425276.78,975.49,0.00,0.00,646539.53,408612359.80,0.00,10403.80,25960476.51,0.00,17939949.19,0.00,0.00
2002-11-01,0.00,-34.45,13427.08,0.00,3.25,787.10,0.00,375.65,0.00,0.00,13994789.32,0.00,3383.95,402543.66,989.15,37.15,0.00,590644.41,477142647.63,0.00,90338.04,27628708.41,0.00,22366830.70,0.00,0.00
2002-12-01,0.00,-59.80,13676.06,0.00,5.82,822.25,0.00,426.60,0.00,0.00,14274590.98,0.00,6048.83,427095.56,989.03,0.00,0.00,1061707.90,492042250.83,0.00,368989.97,37581722.88,0.00,20394987.62,0.00,0.00
2003-01-01,0.00,-52.37,13921.38,0.00,0.63,808.14,0.00,670.50,0.00,0.00,14512589.14,0.00,604.17,417218.39,972.77,41.50,0.00,814548.42,529741003.09,0.00,103808.39,35405041.11,0.00,44453091.47,0.00,0.00
2003-02-01,0.00,-28.39,12922.92,0.00,0.89,653.26,0.00,602.59,0.00,0.00,13429704.31,0.00,893.29,329810.74,972.38,24.58,0.00,522450.34,296120581.02,0.00,15985.93,15996456.04,0.00,15122736.39,0.00,0.00
2003-03-01,0.00,-39.03,13792.45,0.00,5.76,576.17,0.00,582.37,0.00,0.00,14231172.19,0.00,6008.30,295655.15,974.20,20.71,0.00,445717.05,270581993.19,0.00,110028.52,17716481.93,0.00,15463776.80,0.00,0.00
2003-04-01,0.00,-30.52,13324.07,0.00,4.91,439.84,0.00,423.09,0.00,0.00,13901887.58,0.00,5121.84,244524.34,999.30,0.00,0.00,364208.63,223226636.81,0.00,93317.90,9266282.04,0.00,7864391.70,0.00,0.00
2003-05-01,0.00,-39.84,14119.28,0.00,0.11,704.11,0.00,519.39,0.00,0.00,14581756.64,0.00,79.59,367442.15,976.88,0.00,0.00,519385.18,285531275.20,0.00,13544.41,21741948.82,0.00,13877218.68,0.00,0.00
2003-06-01,0.00,-48.49,14091.87,0.00,0.37,761.53,0.00,538.79,0.00,0.00,14588324.20,0.00,368.80,393942.33,976.44,0.00,0.00,739047.71,624380182.94,0.00,97554.65,50572724.36,0.00,66366087.86,0.00,0.00
2003-07-01,0.00,-51.04,15049.51,0.00,0.27,709.38,0.00,680.99,0.00,0.00,15510576.03,0.00,261.51,362931.04,968.56,40.58,0.00,738810.19,558316150.40,0.00,175497.83,30038817.88,0.00,45016262.60,0.00,0.00
2003-08-01,0.00,-67.08,14595.45,0.00,0.18,701.92,0.00,754.40,0.00,0.00,15087770.80,0.00,172.63,354493.68,966.07,19.63,0.00,1002998.88,278148505.05,0.00,3781.07,16319422.41,0.00,16601582.26,0.00,0.00
2003-09-01,0.00,-48.23,13629.85,0.00,0.12,592.52,0.00,661.36,0.00,0.00,14035057.31,0.00,90.33,304395.79,966.56,19.96,0.00,650867.79,261294318.48,0.00,2216.38,14148326.54,0.00,14547958.67,0.00,0.00
2003-10-01,0.00,-31.84,13872.50,0.00,1.23,603.39,0.00,636.06,0.00,0.00,14314165.67,0.00,1262.65,321424.91,970.53,0.00,0.00,374347.37,254778047.95,0.00,22425.67,14858935.43,0.00,12860010.75,0.00,0.00
2003-11-01,0.00,-53.50,13416.09,0.00,2.01,638.39,0.00,530.50,0.00,0.00,13772913.02,0.00,2071.98,337869.29,971.06,0.00,0.00,1565540.50,289302614.60,0.00,28380.51,24576048.09,0.00,12474957.14,0.00,0.00
2003-12-01,0.00,-89.19,14125.05,0.00,3.94,795.54,0.00,468.92,0.00,0.00,14531257.47,0.00,4157.38,420823.73,977.26,0.00,0.00,1433713.23,315844638.10,0.00,83630.23,26665063.96,0.00,13598976.75,0.00,0.00
2004-01-01,0.00,-138.82,14755.15,0.00,4.76,599.71,0.00,282.16,0.00,0.00,15215972.05,0.00,4962.76,331430.55,1003.19,45.73,0.00,2510214.00,586710022.57,0.00,129837.96,22081593.72,0.00,18810903.29,0.00,0.00
2004-02-01,0.00,-141.49,14323.88,0.00,9.66,764.59,0.00,431.18,0.00,0.00,14822977.11,0.00,10232.24,422773.32,991.43,0.00,0.00,2656804.26,654866101.08,0.00,2887787.87,77467427.49,0.00,47218992.76,0.00,0.00
2004-03-01,0.00,-120.38,14777.41,0.00,2.17,601.18,0.00,330.53,0.00,0.00,15341411.40,0.00,2268.26,334701.79,1005.61,24.86,0.00,2130417.09,351413574.50,0.00,59595.61,20925613.66,0.00,9083473.27,0.00,0.00
2004-04-01,0.00,-145.43,13565.19,0.00,1.04,756.13,0.00,322.39,0.00,0.00,14034819.01,0.00,1077.98,414145.93,996.60,30.35,0.00,2991661.94,398415585.22,0.00,37488.88,25420404.64,0.00,11320799.77,0.00,0.00
2004-05-01,0.00,-136.87,14512.17,0.00,1.11,1013.79,0.00,340.79,0.00,0.00,15024764.76,0.00,1158.62,553322.09,990.35,0.00,0.00,2976833.77,463868270.03,0.00,98019.11,39763114.07,0.00,14315007.77,0.00,0.00
2004-06-01,0.00,-93.87,14821.47,0.00,0.48,933.52,0.00,316.68,0.00,0.00,15372118.86,0.00,491.78,512009.27,994.14,0.00,0.00,1809115.51,448359945.95,0.00,66135.18,39142890.54,0.00,13930073.23,0.00,0.00
2004-07-01,0.00,-96.42,15695.17,0.00,1.76,809.63,0.00,352.97,0.00,0.00,16183769.23,0.00,1826.45,444533.33,992.07,39.81,0.00,1765219.18,568758213.90,0.00,283344.32,44265178.20,0.00,30755922.18,0.00,0.00
2004-08-01,0.00,-93.16,15279.69,0.00,1.82,690.19,0.00,393.39,0.00,0.00,15838489.76,0.00,1886.09,376749.28,996.63,28.38,0.00,1734362.87,418565624.14,0.00,62013.89,28019020.08,0.00,11939783.90,0.00,0.00
2004-09-01,0.00,-96.15,13664.99,0.00,1.79,841.35,0.00,623.53,0.00,0.00,14135338.61,0.00,1856.46,452176.24,970.33,0.00,0.00,2065349.37,754590452.18,0.00,105690.15,40432802.71,0.00,49493759.33,0.00,0.00
2004-10-01,0.00,-121.25,13699.15,0.00,5.80,917.47,0.00,631.37,0.00,0.00,14169740.10,0.00,6067.63,523053.07,971.34,59.95,0.00,3039618.73,749688564.34,0.00,852958.89,58871515.69,0.00,74621569.07,0.00,0.00
2004-11-01,0.00,-129.10,13888.85,0.00,6.58,889.11,0.00,448.27,0.00,0.00,14319272.12,0.00,6872.89,511738.01,982.40,69.51,0.00,3151530.19,837851843.01,0.00,1576820.48,75323951.40,0.00,78222299.81,0.00,0.00
2004-12-01,0.00,-166.18,14404.48,0.00,7.16,855.94,0.00,313.88,0.00,0.00,14853389.96,0.00,7628.47,469720.21,994.52,0.00,0.00,3435881.76,436658998.21,0.00,362249.48,33936781.48,0.00,11145208.52,0.00,0.00
2005-01-01,0.00,-112.65,14647.91,0.00,4.09,765.30,0.00,539.00,0.00,0.00,15159273.44,0.00,4469.22,401041.76,982.40,34.84,0.00,2222529.46,456394577.03,0.00,172434.42,26230329.98,0.00,36173232.27,0.00,0.00
2005-02-01,0.00,-82.42,13594.65,0.00,7.38,720.16,0.00,541.85,0.00,0.00,14020186.82,0.00,7825.16,374252.55,974.34,24.50,0.00,1310817.84,306840313.58,0.00,180448.67,20034363.28,0.00,14493071.76,0.00,0.00
2005-03-01,0.00,-81.04,14577.58,0.00,0.95,764.06,0.00,457.33,0.00,0.00,15046476.07,0.00,1008.35,398277.17,982.62,22.42,0.00,1283170.75,297995918.72,0.00,23458.17,22098256.88,0.00,10403665.14,0.00,0.00
2005-04-01,0.00,-50.33,13395.80,0.00,0.72,1091.23,0.00,572.03,0.00,0.00,13794769.66,0.00,756.55,565374.29,956.79,0.00,0.00,860176.71,361625194.22,0.00,21566.05,34354468.69,0.00,19252798.71,0.00,0.00
2005-05-01,0.00,-95.80,14516.63,0.00,1.34,942.77,0.00,986.34,0.00,0.00,15006278.42,0.00,1445.70,509327.81,948.98,0.00,0.00,1838860.10,379371790.69,0.00,37549.22,53306721.59,0.00,143147904.75,0.00,0.00
2005-06-01,0.00,-86.02,14882.03,0.00,1.42,966.55,0.00,1274.71,0.00,0.00,15365056.06,0.00,1575.92,528368.69,932.88,0.00,0.00,1588744.21,394294740.09,0.00,87342.83,33786922.88,0.00,77197200.05,0.00,0.00
2005-07-01,0.00,-61.70,15350.76,0.00,0.33,1029.85,0.00,1372.73,0.00,0.00,15794593.06,0.00,439.31,551440.39,923.95,42.97,0.00,2770874.05,711764873.50,0.00,22727.58,50208610.98,0.00,104947393.16,0.00,0.00
2005-08-01,0.00,-49.96,15259.64,0.00,1.27,988.04,0.00,1375.96,0.00,0.00,15732731.21,0.00,1458.74,533636.21,925.63,32.39,0.00,1599276.21,482429211.40,0.00,49331.07,34447591.11,0.00,89479045.09,0.00,0.00
2005-09-01,0.00,-26.58,13743.41,0.00,0.33,955.85,0.00,1381.89,0.00,0.00,14196669.78,0.00,392.71,514124.00,916.30,0.00,0.00,1358025.11,518532727.79,0.00,15728.09,34392552.64,0.00,71314279.74,0.00,0.00
2005-10-01,0.00,-14.89,13850.88,0.00,0.36,938.90,0.00,1320.85,0.00,0.00,14291870.04,0.00,448.73,509908.14,919.62,35.59,0.00,255015.00,525674668.03,0.00,192584.82,37450757.84,0.00,92095176.46,0.00,0.00
2005-11-01,0.00,-51.13,13839.26,0.00,0.64,952.42,0.00,1207.21,0.00,0.00,14307258.13,0.00,695.98,529828.33,930.36,23.96,0.00,974413.82,309189574.93,0.00,169146.20,37319827.38,0.00,57231397.57,0.00,0.00
2005-12-01,0.00,-45.65,14862.10,0.00,9.61,855.11,0.00,1315.72,0.00,0.00,15389738.81,0.00,10096.16,471951.66,933.81,35.35,0.00,825265.21,562160464.26,0.00,932009.18,54599508.01,0.00,95559809.09,0.00,0.00
2006-01-01,0.00,-75.93,15198.99,0.00,4.76,1052.35,0.00,1324.76,0.00,0.00,15665958.83,0.00,5062.78,587130.20,928.78,35.86,0.00,1493692.09,576855595.76,0.00,1255494.00,105314682.91,0.00,63494720.85,0.00,0.00
2006-02-01,0.00,-38.52,13878.21,0.00,6.55,854.15,0.00,1218.87,0.00,0.00,14350365.27,0.00,6848.06,463731.46,931.01,0.00,0.00,687319.12,891632613.50,0.00,4656720.21,64705046.83,0.00,120532868.30,0.00,0.00
2006-03-01,0.00,-24.27,15052.08,0.00,0.35,918.81,0.00,1169.69,0.00,0.00,15572094.84,0.00,359.67,486515.25,938.21,0.00,0.00,460745.32,373564115.28,0.00,49889.79,29502132.30,0.00,36731321.96,0.00,0.00
2006-04-01,0.00,-5.59,13922.85,0.00,0.40,692.44,0.00,1196.65,0.00,0.00,14330515.25,0.00,413.24,386038.09,931.06,0.00,0.00,81287.99,323173819.08,0.00,27221.58,19272082.80,0.00,34937034.82,0.00,0.00
2006-05-01,0.00,-3.49,15026.81,0.00,0.39,1053.56,0.00,1425.28,0.00,0.00,15486613.94,0.00,421.55,561379.42,916.92,28.17,0.00,67863.08,409491656.99,0.00,91642.50,41625148.82,0.00,63754990.96,0.00,0.00
2006-06-01,0.00,-45.87,15423.24,0.00,0.03,1162.61,0.00,1510.77,0.00,0.00,15830574.83,0.00,112.31,606492.56,910.61,30.27,0.00,1094550.70,464425829.72,0.00,4586.78,42459531.09,0.00,62193064.22,0.00,0.00
2006-07-01,0.00,-62.47,15765.34,0.00,0.52,1053.20,0.00,1550.47,0.00,0.00,16243072.62,0.00,662.39,553948.89,917.55,41.09,0.00,1458073.86,621826669.49,0.00,156600.59,57716304.64,0.00,104939925.05,0.00,0.00
2006-08-01,0.00,-70.97,15468.47,0.00,0.37,1195.82,0.00,1272.77,0.00,0.00,15980979.40,0.00,424.28,630142.11,929.76,27.95,0.00,1549749.44,426707044.48,0.00,48493.68,43626411.66,0.00,43807840.76,0.00,0.00
2006-09-01,0.00,-35.95,14200.17,0.00,1.55,1161.07,0.00,1078.30,0.00,0.00,14615087.27,0.00,1645.45,606590.16,927.96,25.91,0.00,868640.10,363856985.93,0.00,50931.67,35112741.27,0.00,40119695.32,0.00,0.00
2006-10-01,0.00,-44.58,14493.74,0.00,0.07,1253.47,0.00,956.10,0.00,0.00,14956402.04,0.00,59.74,652646.67,936.99,0.00,0.00,1002615.90,388826785.55,0.00,2896.28,37914253.03,0.00,34450774.37,0.00,0.00
2006-11-01,0.00,-73.74,14479.88,0.00,1.42,1210.72,0.00,941.74,0.00,0.00,14927272.03,0.00,1481.68,640477.16,940.17,0.00,0.00,1352898.25,458138609.20,0.00,166115.96,47253330.01,0.00,41219936.79,0.00,0.00
2006-12-01,0.00,-114.69,14928.40,0.00,1.00,1111.90,0.00,778.13,0.00,0.00,15501907.20,0.00,1063.09,592129.64,963.50,0.00,0.00,2136455.12,334794405.82,0.00,45057.92,32383680.70,0.00,24477440.89,0.00,0.00
2007-01-01,0.00,-146.09,15207.33,0.00,17.10,1545.85,0.00,1010.87,0.00,0.00,15704905.18,0.00,17980.35,871249.75,940.97,0.00,0.00,4089638.39,1024710572.95,0.00,5908169.30,172946005.37,0.00,96251147.73,0.00,0.00
2007-02-01,0.00,-169.30,14033.41,0.00,3.71,1541.34,0.00,992.51,0.00,0.00,14545592.79,0.00,3914.40,882603.59,940.89,45.51,0.00,5209271.89,703063700.30,0.00,428531.88,98257816.24,0.00,71406326.29,0.00,0.00
2007-03-01,0.00,-178.96,15123.46,0.00,7.27,1623.05,0.00,1026.14,0.00,0.00,15603227.69,0.00,7635.63,902899.33,938.23,49.66,0.00,6177398.67,826073078.61,0.00,443210.74,99617174.54,0.00,72081808.82,0.00,0.00
2007-04-01,0.00,-158.02,13262.09,0.00,0.32,1640.10,0.00,1083.46,0.00,0.00,13807652.30,0.00,330.26,964827.28,933.34,0.00,0.00,7549168.13,1021537362.78,0.00,29268.76,134150367.07,0.00,88551911.86,0.00,0.00
2007-05-01,0.00,-171.05,14127.51,0.00,0.77,1864.13,0.00,1125.52,0.00,0.00,14569503.99,0.00,849.69,1048616.93,921.64,55.57,0.00,6450352.06,834242654.09,0.00,52082.96,113317394.02,0.00,72881377.84,0.00,0.00
2007-06-01,0.00,-160.68,14594.28,0.00,17.66,2007.36,0.00,1573.14,0.00,0.00,15113731.45,0.00,18467.79,1136025.98,902.20,0.00,0.00,8636029.51,2764595896.77,0.00,19038955.26,358204176.30,0.00,363186260.80,0.00,0.00
2007-07-01,0.00,-186.68,16271.59,0.00,6.07,1689.81,0.00,1119.33,0.00,0.00,16794810.64,0.00,6354.99,945600.80,938.98,64.05,0.00,6104465.54,1087959252.31,0.00,1108051.21,128646554.58,0.00,106066545.96,0.00,0.00
2007-08-01,0.00,-160.35,15499.36,0.00,3.34,1467.08,0.00,982.82,0.00,0.00,16110050.81,0.00,3506.21,787753.07,949.92,0.00,0.00,4634143.57,702092600.04,0.00,108933.49,73459606.25,0.00,47160634.70,0.00,0.00
2007-09-01,0.00,-164.82,14152.29,0.00,9.07,1265.62,0.00,1046.39,0.00,0.00,14702459.98,0.00,9490.88,689425.65,944.37,0.00,0.00,5167689.22,727517300.59,0.00,470612.48,67701834.93,0.00,63338452.23,0.00,0.00
2007-10-01,0.00,-176.04,14475.98,0.00,5.36,1404.20,0.00,1104.00,0.00,0.00,14996553.04,0.00,5725.53,747096.16,936.71,42.32,0.00,5140004.45,661198001.22,0.00,729686.82,68547333.54,0.00,60445164.66,0.00,0.00
2007-11-01,0.00,-148.69,14362.97,0.00,3.26,1631.78,0.00,814.10,0.00,0.00,14759000.49,0.00,3411.83,912396.58,940.67,0.00,0.00,3880517.75,753227542.47,0.00,357081.21,95495347.72,0.00,51074232.73,0.00,0.00
2007-12-01,0.00,-158.83,14567.34,0.00,6.35,1699.40,0.00,818.09,0.00,0.00,14912416.70,0.00,6650.71,935059.36,936.32,46.67,0.00,4161290.68,743784771.12,0.00,749688.40,101131492.85,0.00,49055743.15,0.00,0.00
2008-01-01,0.00,-170.79,15366.83,0.00,19.57,1550.30,0.00,868.13,0.00,0.00,15806073.39,0.00,20703.92,840130.86,945.16,0.00,0.00,3753142.08,576770000.65,0.00,2265136.93,69290144.90,0.00,43793977.26,0.00,0.00
2008-02-01,0.00,-119.66,14325.58,0.00,16.11,1338.49,0.00,729.18,0.00,0.00,14831346.66,0.00,17002.60,716373.58,955.49,56.69,0.00,2516263.90,915700752.83,0.00,24633321.76,241828201.07,0.00,44964015.68,0.00,0.00
2008-03-01,0.00,-118.09,14916.67,0.00,5.38,1596.31,0.00,898.56,0.00,0.00,15426781.05,0.00,5929.69,870333.69,942.44,0.00,0.00,2672304.84,646085793.85,0.00,4874572.49,170793532.95,0.00,59998015.94,0.00,0.00
2008-04-01,0.00,-66.36,14082.49,0.00,0.84,1477.43,0.00,908.36,0.00,0.00,14447847.55,0.00,873.11,808006.87,930.13,0.00,0.00,1587690.37,546547691.90,0.00,28015.73,96585859.78,0.00,47552539.02,0.00,0.00
2008-05-01,0.00,-97.42,14785.36,0.00,1.24,1826.94,0.00,1101.23,0.00,0.00,15116945.34,0.00,1286.81,982982.31,913.94,45.20,0.00,2693315.32,659344472.50,0.00,70263.18,120211152.32,0.00,67192125.05,0.00,0.00
2008-06-01,0.00,-117.54,14749.23,0.00,4.96,1654.06,0.00,1070.76,0.00,0.00,15230389.19,0.00,5183.76,891649.42,928.91,0.00,0.00,2877557.22,597891551.25,0.00,503747.89,106644799.73,0.00,54472242.82,0.00,0.00
2008-07-01,0.00,-104.39,16200.00,0.00,0.45,1568.33,0.00,1213.98,0.00,0.00,16655611.25,0.00,487.10,833560.55,926.44,45.64,0.00,2411737.41,744685300.08,0.00,1072436.49,96495494.85,0.00,68108284.66,0.00,0.00
2008-08-01,0.00,-88.92,16130.20,0.00,0.49,1653.28,0.00,1044.79,0.00,0.00,16674646.32,0.00,498.97,891034.79,937.37,0.00,0.00,2107051.65,597487311.18,0.00,15236.78,69244410.56,0.00,54484533.26,0.00,0.00
2008-09-01,0.00,-90.13,14380.56,0.00,0.17,1377.00,0.00,1029.03,0.00,0.00,14876609.94,0.00,165.36,727033.66,934.55,33.00,0.00,1915191.34,478049928.01,0.00,5540.52,49901999.02,0.00,45450019.46,0.00,0.00
2008-10-01,0.00,-121.57,14621.65,0.00,2.31,1329.89,0.00,1005.27,0.00,0.00,15185677.15,0.00,2385.88,721023.86,944.86,57.59,0.00,3064189.38,878013153.29,0.00,1642381.55,101559530.90,0.00,127610905.88,0.00,0.00
2008-11-01,0.00,-146.51,14533.76,0.00,2.31,1295.80,0.00,720.45,0.00,0.00,15019443.12,0.00,2412.47,687647.12,957.56,0.00,0.00,3337245.12,498055110.05,0.00,533762.23,51348753.03,0.00,32555409.23,0.00,0.00
2008-12-01,0.00,-138.00,15023.04,0.00,6.51,1245.40,0.00,679.21,0.00,0.00,15604894.01,0.00,6826.50,652984.65,967.21,29.54,0.00,2790742.26,432048818.91,0.00,330865.23,56876671.06,0.00,25209078.79,0.00,0.00
2009-01-01,0.00,-16.32,15161.48,0.10,12.86,1728.00,0.00,1019.90,0.00,0.00,15680467.96,7.09,13944.17,946672.44,929.36,0.00,0.00,349794.32,1162611613.71,0.00,15867477.70,458751256.79,0.00,218440864.68,0.00,0.00
2009-02-01,0.00,-43.96,14214.57,1.21,3.00,1766.05,0.00,868.45,0.00,0.00,14685659.09,87.70,3093.47,952606.12,930.52,0.00,0.00,1021435.97,559007235.26,0.00,941885.08,83653817.28,0.00,48474830.57,0.00,0.00
2009-03-01,0.00,-9.41,15260.14,1.39,1.74,1546.28,0.00,696.75,0.00,0.00,15843495.11,101.33,1815.16,826853.47,952.87,25.57,0.00,169689.58,388974265.16,0.00,290960.48,43223132.57,0.00,24791900.90,0.00,0.00
2009-04-01,0.00,-1.27,13689.25,0.00,2.57,1472.48,0.00,797.80,0.00,0.00,14180575.10,0.00,2689.14,764167.24,936.51,36.55,0.00,20808.71,495314248.92,0.00,176154.60,61628107.63,0.00,50296633.90,0.00,0.00
2009-05-01,0.00,-5.15,14578.26,0.00,4.19,1602.27,0.00,950.68,0.00,0.00,15102239.38,0.00,4389.89,813660.28,929.37,0.00,0.00,105116.95,442147341.48,0.00,110504.91,54932083.71,0.00,41839384.05,0.00,0.00
2009-06-01,0.00,-3.32,14971.35,0.00,0.31,1552.23,0.00,1007.39,0.00,0.00,15462695.36,0.00,312.48,801023.88,927.89,0.00,0.00,55382.51,487225224.06,0.00,10320.26,75374826.16,0.00,135242901.92,0.00,0.00
2009-07-01,0.00,-15.43,15312.63,48.21,1.90,1502.88,0.00,1331.53,411.65,0.00,15793796.59,4473.63,1980.41,780087.48,891.73,29.25,0.00,309345.12,449660423.71,1337468.28,125629.93,51354243.97,0.00,42788203.06,10296213.23,0.00
2009-08-01,0.00,-27.04,14583.18,47.69,0.18,1353.41,0.00,1329.45,511.15,0.00,15120813.29,4527.35,172.03,674261.02,887.73,23.42,0.00,494370.65,349470984.93,1143497.55,4411.84,34147182.85,0.00,30997938.52,10542578.64,0.00
2009-09-01,0.00,-13.59,13245.51,51.29,3.18,1581.43,0.00,1277.36,452.11,0.00,13867472.64,4882.86,1982.44,804502.94,884.41,24.38,0.00,287342.77,328695338.19,1267512.50,87281.46,41898222.25,0.00,30201724.14,10506289.14,0.00
2009-10-01,0.00,-21.81,13853.15,46.30,5.63,1802.39,0.00,972.78,383.78,0.00,14485568.64,4041.80,5915.06,920964.68,904.61,0.00,0.00,429216.79,373557957.00,1243042.78,141277.84,52905823.47,0.00,27613764.81,9793850.23,0.00
2009-11-01,0.00,-69.15,14149.89,13.88,18.56,2111.16,0.00,970.88,326.21,0.00,14607266.78,385.64,19622.94,1136947.90,899.71,0.00,0.00,1371280.67,1179012844.14,1252341.87,23323313.85,410037833.04,0.00,161052030.06,39153612.22,0.00
2009-12-01,0.00,-82.55,14718.21,11.94,7.01,1796.21,0.00,870.19,354.55,0.00,15195492.86,246.99,7273.89,938388.08,913.21,0.00,0.00,1562475.49,828163829.11,478397.76,2502198.81,126767112.81,0.00,138218126.27,13985663.52,0.00
2010-01-01,0.00,-29.86,14993.67,14.30,5.92,1814.96,0.00,947.50,366.84,0.00,15489649.29,292.95,6256.89,951182.38,908.03,73.84,0.00,591118.69,875040800.28,1053282.65,11592147.05,246653803.57,0.00,125950821.68,37301738.70,0.00
2010-02-01,0.00,-21.62,13661.78,13.75,3.31,1858.77,0.00,936.17,353.75,0.00,14091292.06,280.74,3660.34,969965.27,896.42,0.00,0.00,439625.98,803930776.43,591290.12,9137987.35,259565506.67,0.00,110941730.52,22026057.59,0.00
2010-03-01,0.00,-4.35,14721.17,14.93,0.79,1707.86,0.00,816.42,319.20,0.00,15319370.87,307.62,878.96,881252.90,921.81,25.59,0.00,59688.67,366989615.36,379226.23,25211.93,44835349.78,0.00,24980355.74,7075771.53,0.00
2010-04-01,0.00,-3.61,13178.09,-0.38,0.59,1741.23,0.00,988.70,315.44,0.00,13583483.19,0.00,650.70,907742.31,893.45,0.00,0.00,57727.16,470903551.98,0.00,120923.66,75279543.01,0.00,83494204.22,9463964.02,0.00
2010-05-01,0.00,-27.87,14006.71,-0.58,1.91,1995.46,0.00,1259.00,276.13,0.00,14352185.36,0.18,2007.79,1005879.57,877.18,0.00,0.00,613623.14,374032105.34,157.29,42152.59,57187125.52,0.00,59838125.11,7589281.66,0.00
2010-06-01,0.00,-6.57,14232.60,31.51,0.41,2117.95,0.00,1348.60,306.31,0.00,14696534.77,2936.91,446.48,1060429.31,874.08,31.14,0.00,135303.41,422356294.92,726532.58,19931.07,67925442.64,0.00,50514851.67,9261273.91,0.00
2010-07-01,0.00,-1.90,14896.06,44.11,0.17,2145.77,0.00,1440.60,294.21,0.00,15418914.77,4053.98,183.81,1067170.82,876.26,26.70,0.00,34331.72,385058499.25,921424.67,-7109.56,57605074.16,0.00,41973465.76,7051443.56,0.00
2010-08-01,0.00,-2.03,14131.91,24.65,1.86,2167.12,0.00,1599.36,549.77,0.00,14677571.50,1957.70,1964.84,1087057.11,853.62,0.00,0.00,29173.42,412746219.26,501315.81,47306.88,70911260.21,0.00,71643058.50,14993450.51,0.00
2010-09-01,0.00,-2.84,12731.19,14.21,3.78,2110.32,0.00,1672.26,413.16,0.00,13292334.13,1311.32,4003.99,1052768.11,847.03,23.19,0.00,53140.28,291309821.54,302989.29,89154.03,49138146.93,0.00,37272154.23,8903195.98,0.00
2010-10-01,0.00,-0.79,12807.38,40.90,0.16,1969.59,0.00,1523.55,432.61,0.00,13370378.36,3715.79,181.67,1013410.81,857.77,0.00,0.00,14842.34,268701420.05,788341.28,30235.27,44185146.05,0.00,30619633.54,6335980.68,0.00
2010-11-01,0.00,-2.14,12518.20,9.82,0.40,1937.83,0.00,1652.26,371.47,0.00,13050070.02,1210.43,461.36,987277.57,851.48,0.00,0.00,28159.77,252345921.16,135048.77,91522.54,43770369.25,0.00,37044446.91,6617621.43,0.00
2010-12-01,0.00,-14.41,12696.60,1.43,0.54,2058.86,0.00,1569.64,469.56,0.00,13211848.27,55.75,580.95,1019203.84,848.02,21.16,0.00,223630.35,263479350.64,36192.65,18424.65,45340829.75,0.00,30039567.51,7435839.83,0.00
2011-01-01,0.00,-86.11,13859.61,0.45,23.14,2277.97,0.00,1106.61,380.12,0.00,14320180.40,36.12,24376.61,1183882.60,884.22,61.74,0.00,1966216.67,659068544.07,55712.54,7651478.17,263474658.70,0.00,87122196.14,16713308.28,0.00
2011-02-01,0.00,-95.82,12933.94,4.47,8.13,2130.48,0.00,1150.61,400.12,0.00,13331522.83,208.14,8525.60,1091625.86,872.97,0.00,0.00,2826717.06,1358265759.87,1314958.01,14443068.51,308724768.16,0.00,232122413.31,19311860.43,0.00
2011-03-01,0.00,-19.58,13914.10,-0.38,1.21,1995.30,0.00,951.90,473.33,0.00,14397291.08,0.00,1480.32,1012013.79,889.98,0.00,0.00,373590.64,370120118.93,0.00,37492.70,53612594.80,0.00,26024728.51,10177727.70,0.00
2011-04-01,0.00,-3.82,13073.76,-0.23,0.11,1591.55,0.00,880.50,373.29,0.00,13509016.73,0.02,112.74,807678.75,899.57,26.29,0.00,83992.03,339759377.35,28.47,3069.88,42423106.72,0.00,23991052.07,9565268.83,0.00
2011-05-01,0.00,-7.76,14156.69,7.42,0.14,1913.72,0.00,1233.39,380.26,0.00,14537477.93,644.95,171.90,961232.02,876.48,31.64,0.00,199258.42,432535109.31,214550.71,10619.86,62908725.94,0.00,47737071.32,11140495.84,0.00
2011-06-01,0.00,-14.00,14208.53,45.86,0.15,1780.27,0.00,1301.47,588.70,0.00,14618080.84,3605.88,168.67,891270.74,866.12,0.00,0.00,307880.65,389817640.24,1162556.18,5500.01,52056966.90,0.00,40134837.07,16290593.32,0.00
2011-07-01,0.00,-19.51,14533.29,59.66,0.14,1966.16,0.00,1452.36,601.73,0.00,14974721.67,4213.86,145.14,1001446.38,859.45,0.00,0.00,480931.88,431893324.14,1566947.14,8079.80,66577446.31,0.00,49440538.72,17342814.13,0.00
2011-08-01,0.00,-5.25,13878.53,60.92,0.03,2015.79,0.00,1281.44,440.50,0.00,14355079.57,4842.13,30.87,1008048.39,869.63,30.69,0.00,123509.89,417912071.06,1755707.25,1222.76,65664174.96,0.00,39847564.08,13224292.54,0.00
2011-09-01,0.00,-5.04,13002.48,59.50,0.16,1559.04,0.00,1177.42,621.06,0.00,13581321.73,5237.54,174.31,809204.43,877.02,0.00,0.00,115450.22,372727331.52,1744242.77,30303.54,51863824.82,0.00,33741159.92,18029284.80,0.00
2011-10-01,0.00,-5.46,13448.49,61.88,0.57,1646.00,0.00,962.22,474.34,0.00,14127988.87,5194.25,671.41,855573.26,903.63,0.00,0.00,111272.85,363030894.16,1691356.28,400284.61,55168586.49,0.00,30094860.13,13978380.61,0.00
2011-11-01,0.00,-20.18,12952.95,57.55,1.07,2139.72,0.00,1023.89,458.04,0.00,13571901.33,5202.79,1137.72,1080421.91,882.36,0.00,0.00,508292.58,428443224.81,1982716.68,25883.24,78922710.51,0.00,39874383.76,13798655.52,0.00
2011-12-01,0.00,-18.76,13034.39,32.45,0.05,2002.98,0.00,867.54,473.94,0.00,13711651.64,2220.94,47.12,989668.40,896.97,25.23,0.00,397642.65,322278965.35,845861.32,1396.43,51939884.81,0.00,22612306.98,10406044.91,0.00
2012-01-01,0.00,-32.25,13816.94,15.29,3.90,2154.09,0.00,792.56,645.07,0.00,14377015.29,316.90,4119.83,1080998.56,888.87,28.17,0.00,551146.95,369570114.42,402084.21,245741.88,68097969.41,0.00,28149515.64,15607842.35,0.00
2012-02-01,0.00,-12.82,13202.89,16.68,2.00,1997.98,0.00,838.84,423.90,0.00,13758648.33,342.75,2111.73,992657.70,895.83,0.00,0.00,241624.62,369541456.05,525559.31,111991.05,63471987.89,0.00,27363454.54,10921901.93,0.00
2012-03-01,0.00,-6.20,13107.27,14.67,0.84,1945.86,0.00,1104.00,504.09,0.00,13623223.86,304.06,900.98,967812.55,875.33,0.00,0.00,109470.42,336014698.06,426825.41,32854.08,55187967.57,0.00,32011507.34,12309222.67,0.00
2012-04-01,0.00,-3.01,12181.25,-0.53,0.18,2027.98,0.00,1129.10,360.92,0.00,12679779.40,0.27,174.84,1011203.52,872.28,0.00,0.00,69216.72,390153828.97,335.96,6567.16,64470134.43,0.00,41418795.74,9506916.57,0.00
2012-05-01,0.00,-7.22,13845.56,-0.77,0.19,1797.40,0.00,1166.01,471.77,0.00,14429697.17,6.03,234.07,883636.95,886.56,28.11,0.00,128516.74,380173079.64,962.58,7233.71,50311420.22,0.00,36655583.17,13115334.96,0.00
2012-06-01,0.00,-24.64,13280.56,7.28,0.29,2000.69,0.00,1562.80,573.32,0.00,13586925.71,587.40,259.73,1009818.83,838.93,36.39,0.00,657769.36,479287256.42,285869.49,10705.44,70300623.03,0.00,60024120.92,16838417.29,0.00
2012-07-01,0.00,-16.58,13051.32,5.25,0.80,2326.73,0.00,2026.81,464.40,0.00,13246955.47,486.79,786.54,1175870.88,807.68,70.37,0.00,917211.32,891645029.02,384480.87,115843.88,178871673.60,0.00,144400794.50,30901460.30,0.00
2012-08-01,0.00,-14.07,12884.45,48.59,3.57,2042.30,0.00,1910.09,700.35,0.00,13151598.25,4473.82,3864.02,1054067.18,808.75,56.85,0.00,759144.80,725244401.90,2640129.15,-2862.53,121508607.36,0.00,100967201.03,38470336.47,0.00
2012-09-01,0.00,-16.08,11581.30,60.55,2.60,1832.57,0.00,1714.25,587.77,0.00,11903688.17,5025.02,2755.65,939411.17,815.26,0.00,0.00,799483.60,612720357.04,3231059.18,127220.23,98060751.13,0.00,79760877.74,27535072.51,0.00
2012-10-01,0.00,-14.69,11782.10,67.39,0.31,2267.05,0.00,1475.06,503.11,0.00,12179063.82,5840.90,335.12,1125610.47,827.77,0.00,0.00,771293.10,635635895.71,3558421.85,21397.86,120889048.96,0.00,72651833.40,24944478.39,0.00
2012-11-01,0.00,-8.94,12145.18,64.39,2.49,2075.05,0.00,1133.53,494.23,0.00,12415680.20,5409.47,2646.60,1028561.79,845.74,67.75,0.00,469415.19,775630405.24,3500992.40,515086.78,145812672.00,0.00,96994127.86,30407111.16,0.00
2012-12-01,0.00,-8.71,12605.87,35.45,10.03,2003.41,0.00,1115.82,622.90,0.00,12890124.56,2264.06,10539.92,991229.38,847.99,54.42,0.00,422351.50,675956185.55,2174124.19,1258909.90,116349003.61,0.00,56355920.77,32175278.85,0.00
2013-01-01,0.00,-23.82,13122.49,15.83,37.45,2318.95,0.00,1260.82,555.92,0.00,13463261.38,504.87,39363.19,1155687.04,847.94,86.32,0.00,1903493.01,1069861922.00,2207990.22,10280746.81,270511929.79,0.00,88217690.71,28614635.01,0.00
2013-02-01,0.00,-14.39,11620.70,20.18,2.32,2111.89,0.00,1303.63,509.23,0.00,12016718.76,580.68,2491.35,1044774.99,839.97,55.50,0.00,695488.36,635562853.15,1248366.06,274327.46,126587532.21,0.00,68774955.71,26605030.77,0.00
2013-03-01,0.00,-17.28,12791.56,22.13,1.39,2040.03,0.00,1243.59,616.87,0.00,13224354.53,672.82,1451.94,1017334.78,853.01,0.00,0.00,872891.96,748966412.73,1697652.12,175351.07,134752056.64,0.00,70851460.31,30259319.58,0.00
2013-04-01,0.00,-2.46,11886.09,8.60,0.52,1684.08,0.00,1353.00,464.20,0.00,12187402.81,403.43,558.80,845312.09,846.67,55.10,0.00,121380.49,638390026.54,515962.38,111433.68,103247369.37,0.00,65711270.64,24905858.47,0.00
2013-05-01,0.00,-6.95,12832.26,11.64,3.74,1672.83,0.00,1564.19,635.72,0.00,13109411.05,532.27,3314.72,867966.87,836.53,0.00,0.00,346226.27,724949288.29,731246.09,455949.68,137757184.18,0.00,79716394.47,41004957.15,0.00
2013-06-01,0.00,-4.98,12914.09,24.69,1.09,1846.98,0.00,1532.81,489.47,0.00,13199555.60,560.31,1117.12,956208.22,842.50,64.12,0.00,254010.08,782938261.23,1614276.15,734280.99,151001256.50,0.00,88562339.63,31511827.00,0.00
2013-07-01,0.00,-4.45,12805.04,30.49,0.22,1831.77,0.00,1903.49,747.14,0.00,13067045.39,617.89,236.43,905188.39,807.05,0.00,0.00,219482.83,760212520.24,1845611.00,26550.19,120557629.26,0.00,105422263.05,42137597.50,0.00
2013-08-01,0.00,-2.15,12097.09,49.85,17.46,1913.54,0.00,1762.35,1021.89,0.00,12423690.00,4182.44,12385.49,949128.07,794.15,57.54,0.00,99856.57,681836254.63,3079430.89,986762.39,125293502.86,0.00,88714943.81,58141822.69,0.00
2013-09-01,0.00,-3.06,10956.19,61.06,21.63,1832.27,0.00,1671.24,799.02,0.00,11190718.23,5219.92,15344.34,916680.86,790.70,0.00,0.00,147764.81,577097969.67,3349207.69,1162775.18,103396008.95,0.00,77877889.31,40992092.83,0.00
2013-10-01,0.00,-1.66,11533.37,35.97,3.45,1711.51,0.00,1779.74,869.13,0.00,11828780.85,2258.20,2457.52,830345.25,794.89,53.95,0.00,85094.52,623239367.29,2036147.37,190081.63,101533077.46,0.00,78425236.34,42610012.89,0.00
2013-11-01,0.00,-3.70,11436.39,10.48,0.19,1800.66,0.00,1575.62,638.57,0.00,11851325.19,478.51,207.80,859324.23,822.30,50.41,0.00,185874.61,574242442.59,569303.51,10036.23,94169741.33,0.00,75819799.72,30504209.79,0.00
2013-12-01,0.00,-2.95,12208.76,18.94,0.81,2142.70,0.00,1619.32,712.34,0.00,12563396.30,999.93,826.58,1059602.94,815.86,61.59,0.00,136622.76,702585627.55,1053872.19,759430.25,165487054.79,0.00,89872525.74,37880334.37,0.00
2014-01-01,0.00,-20.52,13722.34,31.52,6.53,2911.02,0.00,1161.03,907.68,0.00,13970648.22,1553.85,6781.71,1487571.42,826.22,0.00,0.00,912688.69,919481505.57,2248018.52,2797188.20,284250077.22,0.00,83467791.63,51564769.72,0.00
2014-02-01,0.00,-12.24,12476.21,33.54,3.93,2597.38,0.00,1033.45,759.78,0.00,12667717.69,1314.71,4064.92,1330091.69,828.98,0.00,0.00,561677.94,675542251.35,2032136.18,433758.38,162048628.44,0.00,50200112.85,38191247.25,0.00
2014-03-01,0.00,-7.57,13335.48,34.58,2.04,2670.99,0.00,1007.20,659.94,0.00,13570903.52,1328.74,2308.73,1358866.14,843.57,0.00,0.00,320428.98,653627336.90,1795609.00,110634.53,138232690.97,0.00,46438225.94,30907433.15,0.00
2014-04-01,0.00,-2.91,12167.49,9.55,2.78,2551.07,0.00,1116.35,657.83,0.00,12460265.31,730.54,2370.60,1290257.00,833.44,0.00,0.00,133786.68,586838472.49,566114.97,183567.96,129187650.87,0.00,44399465.35,29479219.25,0.00
2014-05-01,0.00,-9.30,12610.99,19.28,2.31,2794.07,0.00,1512.15,715.08,0.00,12756974.27,1184.82,2388.70,1431887.47,804.35,50.03,0.00,416447.85,642677832.02,1101530.07,160953.91,147697215.07,0.00,62726515.41,33900704.80,0.00
2014-06-01,0.00,-4.59,12191.20,35.48,1.19,2947.47,0.00,1675.60,969.80,0.00,12313734.19,2224.78,1191.14,1493693.24,775.19,0.00,0.00,202277.70,625008598.91,1952518.74,83299.18,171067576.49,0.00,77868204.28,45964485.93,0.00
2014-07-01,0.00,-15.80,13398.05,71.84,0.53,2936.42,0.00,1461.72,1153.54,0.00,13612319.53,6016.69,501.94,1525492.17,796.81,0.00,0.00,413001.99,538751465.21,2705158.48,96863.08,150253510.27,0.00,55092108.92,44344919.81,0.00
2014-08-01,0.00,-16.37,13502.83,58.08,0.17,2713.93,0.00,1354.92,680.27,0.00,13725281.03,5182.54,189.11,1397237.69,826.94,34.58,0.00,422491.62,458464972.09,1777690.47,18925.93,105689397.37,0.00,50603315.73,23488227.03,0.00
2014-09-01,0.00,-9.53,12329.96,68.86,0.95,2142.11,0.00,1100.22,885.36,0.00,12515510.14,5654.86,610.59,1138500.61,827.00,0.00,0.00,325523.96,458014813.48,2326676.53,46833.88,86733982.05,0.00,45001795.03,29871147.68,0.00
2014-10-01,0.00,-4.21,12581.86,71.96,0.14,2348.95,0.00,969.89,906.26,0.00,12958836.87,6264.46,160.07,1265244.91,843.30,28.95,0.00,79407.35,355621482.07,1785990.67,13386.22,68252073.17,0.00,32526831.05,25324671.27,0.00
2014-11-01,0.00,-11.32,12320.23,51.35,2.62,2902.03,0.00,752.52,873.59,0.00,12587151.34,4064.07,2774.16,1504048.25,834.65,0.00,0.00,244547.59,409088189.18,1822306.12,287165.50,108569971.30,0.00,30029152.95,26885084.60,0.00
2014-12-01,0.00,-4.28,13119.36,14.04,6.90,2586.16,0.00,750.11,898.31,0.00,13349231.52,931.06,7026.00,1350597.08,846.71,0.00,0.00,85965.14,661541624.35,583092.55,13459270.95,185170440.86,0.00,34751657.65,25306373.16,0.00
2015-01-01,0.00,-15.99,13680.58,23.93,15.85,2623.69,0.00,885.20,1054.49,0.00,13959539.00,1205.30,16509.90,1375475.63,840.43,61.80,0.00,402195.65,765633123.06,1500473.45,11948967.74,241464281.53,0.00,39601283.10,31406490.48,0.00
2015-02-01,0.00,-6.21,12662.91,26.12,2.81,2440.09,0.00,826.76,798.99,0.00,12873195.67,1073.53,2894.45,1279466.97,845.10,34.99,0.00,164898.90,433163806.81,1099249.40,224491.46,112492512.92,0.00,33062805.30,29047888.33,0.00
2015-03-01,0.00,-14.41,13513.51,35.31,6.03,2576.59,0.00,887.43,864.90,0.00,13750398.40,1512.43,6281.93,1353477.96,845.67,0.00,0.00,323938.25,750063082.14,3821899.99,15564716.45,230045490.53,0.00,45122183.54,24338925.74,0.00
2015-04-01,0.00,-13.90,12573.65,15.40,1.11,2199.09,0.00,992.20,850.06,0.00,12843659.70,997.95,1142.88,1181430.87,844.12,0.00,0.00,380746.57,417610546.51,507747.22,106478.46,80967819.38,0.00,40085135.21,26334227.38,0.00
2015-05-01,0.00,-7.80,13418.66,12.42,0.38,2126.45,0.00,1209.95,1180.90,0.00,13581924.68,843.11,314.11,1174821.77,822.58,0.00,0.00,183418.90,443518817.07,451720.53,39838.52,79056002.57,0.00,40900464.42,33526765.20,0.00
2015-06-01,0.00,-11.52,13641.36,33.73,0.95,2315.33,0.00,1469.15,826.87,0.00,13741540.43,2669.91,965.31,1245540.68,820.25,37.07,0.00,319000.16,482670804.18,1060739.15,340448.95,98518167.89,0.00,53634677.56,30594273.32,0.00
2015-07-01,0.00,-27.01,14721.80,70.11,1.98,2088.36,0.00,1455.50,1180.36,0.00,14824543.26,6270.62,2139.46,1119855.58,818.47,0.00,0.00,914872.23,580001455.01,2811238.30,406681.20,117016008.39,0.00,58485659.24,44565183.90,0.00
2015-08-01,0.00,-23.93,13678.77,70.33,0.89,2138.61,0.00,1611.69,1088.98,0.00,13791705.81,6089.03,917.77,1142037.99,804.77,39.51,0.00,732453.16,521803531.93,2810310.51,291202.43,112009577.85,0.00,58781168.67,39393045.14,0.00
2015-09-01,0.00,-18.91,12668.26,68.00,0.59,2014.24,0.00,1311.91,875.42,0.00,12777951.69,6002.24,544.78,1066040.57,818.61,0.00,0.00,731961.12,629410493.18,3019186.05,86638.75,113125836.60,0.00,86750382.90,39342764.12,0.00
2015-10-01,0.00,-4.19,12995.00,70.05,1.18,2012.98,0.00,938.08,943.36,0.00,13221286.03,6061.25,751.56,1119315.07,846.13,0.00,0.00,106754.33,491632284.28,2739742.61,77332.44,90848325.36,0.00,47635845.17,35106670.43,0.00
2015-11-01,0.00,-8.51,12969.63,24.46,1.57,2305.82,0.00,804.67,912.47,0.00,13086129.52,1653.61,1254.22,1277893.70,844.61,46.54,0.00,296952.80,553738582.39,1023006.93,212497.95,116888497.12,0.00,61433733.18,42285187.32,0.00
2015-12-01,0.00,-21.36,13548.01,16.97,2.00,2546.19,0.00,983.63,1020.50,0.00,13610932.38,1110.20,1969.22,1344854.57,826.64,52.52,0.00,702672.01,633093334.47,736978.67,452590.44,150646693.11,0.00,83439203.20,51189719.67,0.00
2016-01-01,0.00,-17.20,13773.92,39.19,5.09,2251.75,0.00,1322.12,944.50,0.00,13903624.92,1638.45,5326.73,1244906.52,827.29,0.00,0.00,543469.83,683401400.90,2016337.25,1252242.97,167896199.62,0.00,129502193.98,53887788.12,0.00
2016-02-01,0.00,-21.38,13600.15,36.57,23.23,2166.69,0.00,1092.03,822.28,0.00,13662600.20,1506.49,24203.70,1213931.26,841.00,0.00,0.00,700606.03,841831620.11,3772637.11,8938764.76,235839896.67,0.00,114880641.03,39109547.18,0.00
2016-03-01,0.00,-40.00,13988.25,26.42,11.24,2460.02,0.00,1141.15,755.73,0.00,14117557.60,1228.79,11137.24,1357680.60,844.34,64.49,0.00,1629174.08,732597841.78,1703667.86,2560977.30,204943093.09,0.00,165159431.91,48428752.84,0.00
2016-04-01,0.00,-27.34,12933.61,9.56,64.04,2084.34,0.00,890.69,773.79,0.00,13158248.29,770.88,63505.66,1167762.22,860.22,0.00,0.00,1292004.59,776108137.32,526047.09,12708100.65,176084941.22,0.00,137272310.93,44722992.26,0.00
2016-05-01,0.00,-48.68,12900.35,10.08,3.85,2195.57,0.00,1247.18,1382.08,0.00,13057302.67,783.83,3640.84,1204926.69,806.46,67.88,0.00,2118760.84,844319911.97,699069.51,437463.97,180950741.82,0.00,80740771.50,69420976.13,0.00
2016-06-01,0.00,-85.38,13457.90,21.27,8.81,2377.32,0.00,1681.63,1116.36,0.00,13508004.57,2133.88,8953.10,1301102.30,797.73,0.00,0.00,3742642.92,1254340642.49,1505539.61,1741597.39,265327450.28,0.00,163642190.83,92906914.70,0.00
2016-07-01,0.00,-63.04,14133.94,21.20,13.93,2053.04,0.00,1738.58,1381.79,0.00,14032524.47,2389.54,14514.16,1143539.18,788.04,81.37,0.00,2337557.11,926007134.13,1468215.15,9119760.64,318167563.50,0.00,140514303.99,114478621.34,0.00
2016-08-01,0.00,-17.83,14385.17,55.33,1.22,1725.47,0.00,1620.11,1117.87,550.68,14368914.21,5317.05,1161.20,974240.46,789.67,0.00,0.00,612201.76,716005396.67,2977048.57,165691.87,131812549.01,0.00,83448547.49,45691258.33,24296911.51
2016-09-01,0.00,-11.47,12876.73,60.60,1.50,1843.05,0.00,1397.36,955.79,605.19,12932101.53,5641.90,1801.58,1010563.31,786.86,46.89,0.00,385312.92,595880291.94,3106056.92,113428.45,123270211.18,0.00,67777000.64,43888340.63,28530789.66
2016-10-01,0.00,-19.08,12002.07,61.48,0.99,1570.86,0.00,1921.61,1353.23,817.09,12139150.15,5554.30,987.26,904483.48,736.95,50.53,0.00,855367.33,585799474.95,3281465.56,207554.08,96277542.98,0.00,81469859.58,52149174.90,38047961.79
2016-11-01,0.00,-23.48,12378.68,68.07,1.70,1888.43,0.00,1628.65,1049.19,847.39,12524793.66,5792.05,1532.96,1044675.29,761.09,0.00,0.00,979165.35,785835160.29,4477383.90,437259.74,143614685.20,0.00,113528966.99,44661564.43,66436332.37
2016-12-01,0.00,-17.03,13742.22,52.22,3.27,1617.39,0.00,1387.86,1052.79,842.22,13847573.74,4048.83,3258.17,892520.11,789.44,56.44,0.00,700299.16,701078532.72,3189901.00,3385265.23,131140879.38,0.00,67634517.44,44462310.00,54202663.27
2017-01-01,0.00,-55.22,14563.84,26.34,33.61,2465.89,0.00,818.17,1009.77,848.38,14628379.95,1156.09,35263.94,1347689.90,812.37,129.82,0.00,2686804.37,1669518870.75,5032578.15,22493116.54,419753536.57,0.00,100417769.39,67963345.87,122715472.05
2017-02-01,0.00,-51.39,12936.22,25.69,41.58,2426.86,0.00,908.76,953.55,773.28,12966170.94,1052.15,43570.70,1328878.40,796.01,204.75,0.00,3920816.06,2215179699.91,3721181.61,40774631.36,610702346.96,0.00,239891338.44,98973392.94,169837056.38
2017-03-01,0.00,-32.46,13893.34,24.79,5.74,2633.38,0.00,691.67,1010.33,716.29,13936587.24,1100.32,6093.20,1425976.93,811.37,0.00,0.00,2127320.94,1242082715.77,1905015.08,2233716.60,285337959.59,0.00,82255752.14,85449498.91,76800483.41
2017-04-01,0.00,-23.80,11975.74,11.76,0.09,2534.44,0.00,659.10,778.57,645.51,11683282.86,791.54,111.87,1389682.01,788.47,0.00,0.00,2065089.56,1205941466.50,730699.99,9384.79,253342135.40,0.00,82015037.84,72367552.37,60410259.96
2017-05-01,0.00,-17.94,13086.43,16.31,1.26,2444.38,0.00,1343.07,910.33,543.15,12683904.17,1070.68,1662.22,1347744.25,765.78,0.00,0.00,1398883.62,1195459336.04,1148249.52,217678.28,239437230.38,0.00,153227934.76,82097018.24,45777724.87
2017-06-01,0.00,-10.70,13718.10,27.75,0.44,2645.32,0.00,1403.43,586.26,486.96,13294749.88,2067.83,360.87,1419313.70,780.40,0.00,0.00,821579.60,1164923037.90,1960264.68,53478.07,241921593.95,0.00,147111056.09,50830632.46,38003770.20
2017-07-01,0.00,-34.16,13716.58,69.25,0.76,2494.61,0.00,1423.80,1449.85,551.64,13154716.24,6285.83,865.14,1358134.57,738.09,0.00,0.00,2558512.66,1260013370.03,5282497.09,91996.89,256957169.78,0.00,172781775.13,143235275.11,45266615.38
2017-08-01,0.00,-22.47,13414.84,65.70,5.26,2395.34,0.00,1487.52,1330.58,692.53,12965370.57,5682.99,4122.39,1282559.42,736.10,100.01,0.00,1799196.32,1265054363.71,5164106.06,845573.13,243958025.87,0.00,161635392.85,113720263.70,55523634.00
2017-09-01,0.00,-15.00,11889.57,62.61,1.55,2200.50,0.00,1271.39,1563.88,807.24,11518147.18,5239.06,1408.10,1168437.41,713.84,83.77,0.00,1161050.67,980712991.89,4867692.57,190481.40,177125153.17,0.00,99991156.29,114264383.08,59361624.77
2017-10-01,0.00,-30.66,11998.96,50.46,3.54,2255.18,0.00,1328.92,1148.20,868.72,11636102.81,4089.48,3637.83,1188861.13,728.17,0.00,0.00,2209084.50,936993449.94,4016713.05,388667.22,170569097.20,0.00,98214287.05,73974125.42,63679973.62
2017-11-01,-0.23,-22.94,12332.66,66.71,2.86,2676.15,0.16,832.76,990.82,907.26,11800854.07,5755.94,2788.26,1434540.94,744.62,0.00,23037.94,1451472.61,950682982.14,4317612.42,264045.94,233472335.24,23263.56,85957905.55,78776182.35,75134458.85
2017-12-01,-3.07,-72.54,13581.31,30.68,0.84,2431.07,2.48,754.63,1132.61,1009.14,13080979.66,1451.82,695.27,1260976.77,760.27,80.51,239679.10,4640639.51,1032210831.80,1928663.88,91553.37,192015090.02,241194.70,73670860.27,82072750.96,79229994.42
2018-01-01,-3.67,-15.09,14156.68,32.98,4.96,2526.21,2.94,1089.14,1154.49,1020.84,13674727.57,1473.12,5314.27,1324885.05,751.47,107.54,338881.92,927978.52,1240093720.49,2151011.01,8278448.05,362559057.35,1370880.82,173792377.99,111171230.28,125766604.80
2018-02-01,-4.09,-10.57,12709.65,26.24,5.86,2095.17,3.43,936.93,1097.63,872.27,12262600.77,1175.85,6222.64,1111990.88,754.66,0.00,337877.38,674958.41,981366039.70,1654569.80,2069547.36,198961607.68,546608.15,99051483.88,85700550.78,78907055.58
2018-03-01,-3.23,-4.34,13189.17,13.89,1.08,2171.94,2.57,1114.71,1292.31,888.98,12682287.98,1014.32,1178.77,1134090.11,740.26,70.43,215034.37,237406.91,881167759.51,687257.39,77275.36,150246491.77,246161.66,88413892.03,85169843.31,59721119.83
2018-04-01,-4.16,-21.87,12313.24,15.51,1.07,1949.22,3.33,1403.62,971.40,787.03,11918833.10,1063.04,1290.20,1052056.91,744.80,75.07,295076.09,1294832.35,861198202.20,748468.29,1019573.00,145182742.95,547052.21,115897952.62,64558356.15,55992636.43
2018-05-01,-5.02,-26.34,13064.36,13.81,0.43,1938.44,4.18,1510.08,1365.42,695.92,12646600.97,1000.55,484.60,1075442.59,739.36,77.19,363442.80,1513605.29,950242921.62,648309.24,64293.52,142586363.32,481886.96,127581476.22,92993026.47,42791817.71
2018-06-01,-3.97,-47.11,13346.04,19.58,2.57,2239.91,3.27,1939.54,1137.81,627.21,12951622.06,1195.50,2225.17,1237943.53,736.73,95.87,320474.43,2949567.20,1204123650.71,1424355.50,428484.21,225829709.29,509089.38,185207205.15,92131941.34,45762253.88
2018-07-01,-4.07,-14.56,13556.04,36.20,2.94,1890.63,3.32,1823.16,1752.49,746.04,13175443.76,1565.74,3616.61,1030481.92,718.02,76.47,145140.30,776850.79,977119173.03,2336556.43,3619572.60,182682352.81,629558.40,113863853.13,109937057.57,44653069.39
2018-08-01,-4.41,-36.87,12793.76,50.06,1.50,2051.35,3.61,1952.93,1772.64,955.82,12421013.26,1868.87,1063.91,1109742.54,692.60,0.00,178571.06,2323958.52,1091932769.75,3850687.04,176766.50,182463546.01,359642.44,115796594.57,117140595.35,61201176.66
2018-09-01,-3.91,-89.73,11968.47,46.41,0.42,1867.90,3.11,1492.45,1328.96,1130.92,11492373.46,1694.84,367.46,1020001.99,705.24,0.00,247988.07,5579381.58,1052818323.78,3477079.79,56549.21,176392878.52,353111.81,117200117.19,98655861.69,76934264.87
2018-10-01,-4.13,-66.97,12463.87,44.90,2.00,1625.42,3.35,1068.90,1341.48,1249.72,11966439.57,1659.53,2023.58,922942.59,727.25,0.00,337643.38,4137191.32,1078513521.83,3181629.63,190773.47,137275099.70,434355.46,110643277.51,110904221.17,95605461.74
2018-11-01,-5.38,-82.82,11997.27,35.64,1.23,1697.67,4.42,1158.60,1312.12,1422.89,11505704.66,1488.09,1373.07,958074.90,710.69,0.00,460064.85,5540513.51,1065238226.62,2722030.00,116677.98,148128103.97,509991.30,109374923.01,108737730.48,113585769.99
2018-12-01,-4.70,-67.51,13055.94,30.13,1.98,1669.30,3.97,1214.85,1376.09,1543.81,12547510.43,1361.80,2033.97,903275.65,714.74,0.00,332902.92,4106205.47,1086874133.32,2109716.49,486897.10,143249102.47,455933.43,105884413.37,106554760.82,131815332.38
2019-01-01,-5.35,-105.19,13965.33,27.92,3.68,2579.37,4.16,1151.53,1318.59,1612.42,13392787.44,1225.10,3964.09,1386762.54,719.37,185.08,664664.44,7562964.11,1863889050.29,2177872.19,27591287.77,728440912.75,3310419.98,386826033.32,192953709.03,272683297.15
2019-02-01,-4.64,-71.11,12170.57,27.67,2.47,2157.31,3.60,745.12,1374.13,1390.13,11735358.26,1208.67,2657.51,1123540.95,722.82,100.20,385276.59,4716337.87,1112175651.81,2007120.26,398920.73,215216055.33,488309.79,101709976.80,121035530.72,130091022.05
2019-03-01,-6.21,-52.48,13217.09,28.45,2.34,2403.74,5.04,808.88,1344.59,1350.72,12809420.45,1220.22,2119.84,1228709.05,735.07,109.19,515547.21,3263002.84,1267189279.82,1987033.48,4064270.29,290958718.78,1524297.06,135967321.89,122352073.59,146268480.35
2019-04-01,-5.95,-40.02,11935.45,15.08,1.95,1680.87,4.67,921.31,1404.95,1202.56,11425593.86,979.29,2053.95,905715.66,720.43,84.19,493294.87,2280959.83,935439318.23,808719.52,236704.73,134885400.91,496531.51,97442813.67,107777070.51,85406197.45
2019-05-01,-6.55,-35.42,12548.59,8.78,3.81,2055.20,5.17,1284.12,1654.35,1011.31,12055898.22,688.04,3558.74,1140128.66,712.40,0.00,463585.50,1999429.73,990231044.90,454170.55,357794.09,166283127.34,519157.45,122703833.73,124897581.12,66446221.53
2019-06-01,-7.15,-44.84,12758.22,27.20,5.17,2221.96,5.89,1636.30,1494.38,882.73,12355802.23,1062.53,5118.13,1190502.93,714.05,97.09,577134.91,2783000.21,1158439542.07,1887321.64,881085.80,214547171.79,770568.12,184424523.99,114431933.59,63656059.25
2019-07-01,-7.37,-77.03,12862.74,37.52,1.79,2263.32,5.88,1547.14,1870.15,1081.54,12358045.81,1471.95,1838.29,1186525.12,691.72,0.00,309500.67,4025886.00,936929884.20,2315707.46,151225.28,174806154.08,597218.92,129446783.03,123307862.50,58914356.48
2019-08-01,-8.65,-85.51,12282.79,46.24,1.95,2514.89,7.11,1462.22,1885.57,1385.53,11821311.24,1652.91,1908.87,1313983.32,674.06,0.00,487380.91,4098178.43,999032319.04,2724936.16,215361.45,230957998.84,1042572.12,144393372.70,126541687.27,63752826.31
2019-09-01,-8.07,-52.54,10877.16,40.81,1.39,2310.10,6.60,1208.31,1606.65,1615.87,10481513.95,1497.83,1257.52,1239368.92,665.88,0.00,473519.40,2792713.70,911382262.43,2408727.98,280490.26,206362009.15,792004.85,103270113.68,110070164.05,76552130.22
2019-10-01,-7.56,-74.10,11177.91,30.48,2.05,2320.85,6.21,971.66,1589.54,1861.67,10831259.74,1271.38,1847.53,1244798.51,675.62,95.21,329241.53,4703813.56,1003461298.84,2097011.23,353004.66,207011145.07,636427.46,109840593.63,111310328.07,120809254.50
2019-11-01,-7.68,-53.31,11383.41,31.36,2.01,1693.23,6.26,999.16,1814.45,2072.96,11013943.13,1235.46,1625.39,938941.65,666.36,67.76,272629.85,2471462.15,757678534.89,1905316.37,153707.57,113908687.48,382905.09,72863324.79,104500667.06,103267365.08
2019-12-01,-8.11,-30.46,12797.23,27.56,1.32,1769.19,6.73,992.75,1706.04,2292.76,12357931.57,1238.10,1474.88,984554.30,682.44,0.00,392679.39,1283651.83,729498187.88,1627776.02,3121578.87,175917208.95,1526914.96,69152497.80,99467800.54,130554239.92
2020-01-01,-7.36,-47.12,13295.94,19.79,1.92,1983.08,6.09,1074.37,1642.18,2036.11,12846575.72,942.31,1848.79,1066494.99,695.62,156.87,589474.63,2429209.88,1681327813.15,1135126.47,5961557.14,404194953.21,2020990.92,275754079.63,138356281.32,256175302.03
2020-02-01,-4.96,-54.56,12133.36,27.26,3.71,2137.77,3.80,1049.17,1391.20,1752.49,11748871.32,1018.70,3769.87,1120066.00,698.17,57.24,104694.56,2677806.47,677033908.14,1564323.07,1159026.84,150669982.98,228864.85,55789302.53,65730438.15,95208470.59
2020-03-01,-6.20,-30.98,11758.64,11.88,0.30,2015.74,4.88,1068.04,1708.68,1835.93,11389458.94,730.78,450.22,1043897.96,677.01,0.00,172037.87,894546.93,524290844.29,607281.11,53102.43,100866921.19,221043.10,45096131.63,66156471.48,76715690.28
2020-04-01,-6.65,-39.38,10994.03,8.99,0.11,1634.88,5.14,1228.21,1578.01,1542.13,10622120.25,683.41,225.51,857857.34,677.52,38.30,163485.81,698420.22,430570505.04,417875.84,9304.76,74995665.98,204099.18,38443450.09,44894107.86,44351273.63
2020-05-01,-7.39,-40.53,11666.99,7.98,2.57,2000.22,5.72,1479.63,1904.38,1348.96,11245873.55,638.55,1551.80,1064832.27,670.33,0.00,217099.08,371941.87,459195936.23,479182.22,126775.18,104012812.59,251533.62,61646033.67,65042095.58,34789043.78
2020-06-01,-7.75,-41.28,12332.75,21.98,0.49,2218.02,6.24,1527.31,1651.69,1160.34,11963350.20,893.16,551.68,1136071.05,694.28,46.95,287640.62,1026221.94,566515746.72,899838.15,161756.25,128399509.47,601451.50,75583075.90,62297564.85,37952531.65
2020-07-01,-7.03,-35.70,12840.05,22.80,0.22,2578.68,5.42,1541.17,1559.73,1313.46,12313733.86,943.27,276.94,1337666.52,688.87,0.00,330467.53,771297.35,640758978.72,1010616.76,20487.98,154433330.21,456023.77,100984629.03,72525507.55,47663660.70
2020-08-01,-7.24,-47.63,12205.36,30.31,0.61,2027.21,5.75,1221.79,2206.71,1645.31,11712226.09,1219.00,718.87,1071600.65,662.88,48.91,200461.30,379075.47,568375163.11,1122011.48,34491.45,116774050.14,436702.06,77803860.74,94937378.51,40430830.62
2020-09-01,-11.68,-51.79,10652.02,39.65,4.14,1377.13,9.71,1047.48,2299.59,1936.53,10278033.91,1402.84,2483.78,755661.04,637.91,36.10,-78310.57,448513.91,391414899.80,1283713.49,188040.21,60694339.91,252277.98,45223115.78,63975396.21,29228945.11
2020-10-01,-11.96,-47.53,10543.63,39.46,0.62,1622.34,10.15,1204.95,2029.57,2258.31,10176428.02,1434.93,732.47,859779.96,625.42,48.31,112954.49,913436.67,499100298.41,1544517.60,39898.69,87454490.19,646885.93,68270410.45,72310456.96,70201776.75
2020-11-01,-11.07,-53.72,11035.50,34.15,0.98,1395.04,9.49,951.61,1971.82,2662.69,10643145.98,1238.34,1016.24,748523.50,633.12,0.00,168707.13,1474618.63,599458640.39,1568348.00,85371.75,78233139.61,546800.73,74367520.93,83087045.11,126511750.33
2020-12-01,-15.48,-56.74,11613.59,20.04,4.19,1484.68,13.04,919.82,2257.79,2709.85,11242862.35,939.78,4339.52,792690.28,635.37,0.00,829.98,1996675.31,633747557.30,1004771.67,626662.80,92310567.80,365035.85,78127771.01,63260903.86,126140830.42
2021-01-01,-14.05,-26.77,11983.85,19.26,1.84,1428.33,11.50,1026.72,2234.41,2752.77,11629754.93,858.50,2008.51,755317.62,637.97,0.00,108653.44,746929.48,452614838.52,882394.88,684505.62,80743148.19,553759.37,45179258.08,66823851.94,84885364.21
2021-02-01,-8.53,-10.42,11009.05,22.22,1.56,1181.54,6.90,979.31,1914.07,2380.94,10704705.07,904.87,1713.26,622303.25,648.27,35.57,-55567.27,311878.03,390525021.90,867864.11,363712.40,54785651.17,253613.77,36262395.82,50883978.83,62626181.72
2021-03-01,-9.54,-28.70,11803.43,10.25,2.77,1370.81,7.71,1223.23,1998.54,2282.45,11484535.43,749.06,3014.03,716229.17,654.01,43.85,271924.31,682362.33,488051336.23,524290.09,6512854.77,107779797.78,1132699.50,46937467.90,69102548.69,64799375.35
2021-04-01,-11.77,-54.22,11213.31,8.76,2.34,1385.43,9.37,1312.50,1641.78,2012.88,10789098.50,651.05,2495.28,767355.70,659.78,57.07,373835.56,1136077.86,632981050.64,475660.77,409424.88,104629333.78,890929.41,68010258.92,60390304.22,64535101.49
2021-05-01,-12.80,-53.61,11813.73,8.42,21.43,1668.37,10.24,1493.63,2068.69,1761.35,11421296.57,629.40,21604.50,944007.19,659.63,0.00,399232.54,1291050.90,1203626942.28,546347.86,14635253.83,254811415.64,1922553.15,195732774.30,110166075.10,85271477.72
2021-06-01,-12.93,-89.85,11817.27,21.75,14.87,2411.79,10.37,1710.51,2158.91,1376.70,11312761.40,848.55,15544.63,1281659.70,649.39,0.00,740857.52,4382419.45,1853706904.35,3334003.06,11526727.48,503845556.36,1286538.49,264230078.15,176494353.96,101093960.68
2021-07-01,-14.58,-146.53,12725.82,33.48,33.19,1869.86,11.92,1540.14,2785.23,1566.82,12334453.11,1128.07,34772.99,971346.07,653.83,0.00,761146.70,7438778.87,1541048225.64,4139682.51,14956326.06,306531022.88,1741925.04,176924909.89,182907972.10,102872191.98
2021-08-01,-14.03,-59.04,11604.64,40.95,3.28,1596.30,11.28,1426.52,2499.29,2095.16,11173514.00,1426.57,3586.03,831498.41,625.38,0.00,142673.57,786047.10,682654546.15,2263237.45,413784.32,116431348.86,918220.77,63011817.26,96382369.46,42086230.77
2021-09-01,-11.40,-67.39,10188.88,29.03,6.07,1251.25,9.11,1338.59,2406.58,2517.50,9784315.58,1145.97,5278.52,649062.73,590.88,0.00,-139377.02,-195510.26,510273073.49,1720441.79,556534.44,75821017.75,503878.33,49182572.95,64995899.83,32650226.30
2021-10-01,-14.13,-68.89,10341.20,35.71,8.05,1172.31,11.45,1343.14,2184.05,2994.80,9983728.98,1317.00,8590.11,649682.21,591.04,0.00,-204297.84,-518854.11,576309585.92,2453182.35,1423301.55,76816573.75,693468.30,51171378.76,60204201.33,40687622.48
2021-11-01,-20.86,-53.22,10266.31,26.35,2.54,1120.71,16.38,1340.45,2224.86,2779.00,9881209.85,1067.50,2783.21,607469.64,592.71,0.00,253401.64,1902240.82,738653916.67,2276837.35,558588.62,92436441.33,955416.35,74809654.45,83143415.57,137098770.13
2021-12-01,-17.54,-72.86,10884.65,20.21,5.92,1252.45,12.54,1069.05,2245.55,3737.55,10524732.27,927.35,6370.88,658368.85,584.74,0.00,367900.60,2983269.81,928643034.99,1968356.62,10027676.98,197278793.38,2063910.89,94713549.53,102083769.81,180548030.19
2022-01-01,-19.88,-87.48,11852.15,20.09,3.68,1477.22,12.98,1190.81,2425.70,3495.91,11517544.30,837.83,4027.50,758671.22,602.87,0.00,887317.35,6779555.12,1135470940.72,2028180.99,5467447.55,228468610.44,2916044.85,128824905.05,140208174.22,274639672.22
2022-02-01,-27.46,-78.16,10301.83,13.31,3.02,1394.39,13.81,1000.91,2230.30,3157.27,9914701.28,654.09,3247.08,726327.33,591.08,111.78,1043244.17,4967191.46,1103999148.13,1819153.91,10587437.52,229150704.40,1211752.18,116436673.95,137247329.74,239423883.47
2022-03-01,-31.40,-57.96,11559.50,7.02,1.78,1511.86,16.76,1131.88,2212.07,2932.01,11211286.32,560.06,1994.98,775675.26,621.75,112.13,1378826.48,4732525.29,1248837134.59,364499.46,4993908.67,224921968.81,1994702.93,129414266.05,133194707.80,203416799.84
2022-04-01,-41.68,-105.70,10382.14,7.53,4.31,1648.70,25.14,1109.70,2093.47,2309.92,10012722.57,595.91,4723.73,912745.17,627.00,0.00,4296449.68,11272480.22,1933259392.55,520763.24,2992979.29,313213370.35,5892190.04,219556344.23,278227797.03,278301177.47
2022-05-01,-40.66,-160.85,11012.42,7.11,22.19,2077.60,29.08,1894.18,2233.36,1856.00,10677695.74,577.92,23292.42,1095458.81,623.18,317.08,6733552.58,37005268.74,3276109141.28,463050.85,20120443.80,670739966.01,14661597.22,598290873.62,494168232.04,373188137.25
2022-06-01,-34.47,-176.39,10790.86,14.41,32.23,2740.45,27.26,1885.14,2838.01,1718.69,10436689.88,772.69,33796.85,1446386.88,600.80,0.00,7147992.65,44898621.34,3968089006.89,2417194.28,15190104.92,950083435.03,15301302.11,756385561.32,757958935.80,401237413.84
2022-07-01,-40.03,-177.57,11785.72,12.31,12.29,2649.00,33.86,1760.03,2672.37,1964.67,11360266.70,712.14,9568.62,1411651.05,618.31,0.00,8230039.58,36362989.34,4345117888.69,1862920.52,10064193.56,1034597417.55,17837714.79,733849335.40,706264668.60,408201681.48
2022-08-01,-38.45,-128.92,11180.16,32.29,1.53,1968.37,31.79,1491.44,3052.03,2349.33,10770261.06,1036.84,1377.89,1070657.88,593.96,0.00,2396862.92,4660542.64,1606209670.14,4087715.08,2411394.20,342687456.30,8856093.87,270372783.36,295821008.47,154699668.70
2022-09-01,-33.39,-148.09,10189.27,33.07,2.61,1545.23,27.61,1445.22,2460.56,2747.39,9897317.68,1056.72,2917.46,851989.21,588.59,0.00,1660706.93,5042189.77,1540743557.85,4819978.61,2231484.97,235090266.51,6814798.68,242751069.24,264698050.37,181494224.59
2022-10-01,-30.93,-84.77,10043.58,30.15,0.51,1408.04,25.07,1306.56,2410.42,3097.93,9759700.22,1018.81,528.46,827692.40,581.60,144.41,1087018.17,5782494.29,1464293280.14,4144253.85,89520.49,197874900.34,4693310.96,201477337.22,236576047.81,215172735.09
2022-11-01,-22.37,-108.83,9002.31,37.19,2.13,1235.79,17.72,1355.13,2342.85,3838.73,8740421.08,1252.18,2807.42,739080.17,535.77,0.00,487202.47,3012802.83,1002856167.09,4304867.36,566956.24,150895083.19,2524792.02,181219910.47,151052387.66,178349130.74
2022-12-01,-19.73,-142.34,9697.95,26.82,0.51,1159.33,15.30,1068.45,2489.25,4381.52,9471588.82,1071.03,544.77,677882.65,543.51,0.00,-62045.80,121865.17,758013455.22,2442230.46,71287.60,115281075.06,1660601.53,103067276.42,128383829.03,99986808.10
2023-01-01,-19.88,-99.67,10814.18,14.79,2.82,1295.75,14.48,1144.05,2421.60,4228.03,10545493.68,871.58,3746.47,699675.14,567.71,90.33,338301.94,3986594.33,970079270.46,1302371.46,342681.13,141426392.64,1663831.64,124646254.12,148932968.21,222399596.18
2023-02-01,-20.87,-89.46,10301.10,9.88,4.52,1103.11,16.86,903.54,2363.91,3853.70,9923129.81,663.58,4807.99,586993.27,570.07,92.23,478346.87,2703182.61,902524197.75,826219.33,3917429.10,156075765.67,3199221.87,99274200.70,161391323.00,201107239.53
2023-03-01,-22.34,-81.60,11158.98,8.01,2.82,1599.49,17.02,1164.04,2282.20,3520.22,10749400.75,598.75,2910.95,812339.27,588.60,113.73,760701.36,3995408.18,1254530044.68,679151.95,4652205.35,241545563.58,3225304.92,155886999.92,154393714.92,214104950.83
2023-04-01,-27.68,-121.43,9878.27,6.98,4.35,1481.14,22.89,1192.92,2113.64,2948.14,9570584.71,543.76,4695.32,780447.40,591.81,0.00,1188308.60,3262470.14,1096334058.80,622270.06,1134101.89,194427384.06,3679129.81,135254635.52,147569728.04,143184852.26
2023-05-01,-37.93,-111.55,11035.28,8.23,9.69,1992.33,31.15,1534.40,2530.58,2609.74,10740249.53,624.25,8118.08,1028950.58,600.86,180.12,3204353.65,6617077.56,1920120064.49,1009608.37,4436009.82,455488730.90,9817504.92,273541397.37,282785483.57,195116589.62
2023-06-01,-38.50,-81.69,11001.59,26.94,6.12,1824.52,31.26,1567.93,3259.56,2095.03,10608997.56,977.11,6146.86,968590.53,588.27,96.70,1346966.89,3079509.10,1116998132.66,3128379.86,2524553.44,298736166.66,4443938.87,143001679.57,171110476.93,104235596.85
2023-07-01,-42.29,-86.79,11294.86,14.66,0.65,1688.58,34.78,1708.14,3120.44,2395.41,10898344.63,725.68,769.81,900875.85,586.27,79.21,1032494.16,1285962.57,955321026.57,1523834.83,130779.72,214469494.93,4710337.83,118313920.89,136860926.20,67993822.48
2023-08-01,-48.61,-115.18,10661.99,51.46,4.22,1785.59,39.97,1617.24,2466.21,3064.17,10409744.82,1788.19,4774.92,935312.62,581.33,92.58,1515242.40,-272245.34,928585127.50,4302775.22,4065895.22,306570180.18,9461023.29,147870482.65,134927975.27,68713258.23
2023-09-01,-51.93,-169.28,9198.43,48.41,0.21,1244.74,42.30,1206.76,2486.41,3800.79,8899879.97,1668.72,339.61,680304.26,538.12,0.00,-666114.05,-2381199.51,572169583.71,3132454.39,54666.78,116667496.37,4373284.99,80524581.95,89154918.88,-4991002.08
2023-10-01,-46.28,-154.27,9321.20,59.63,0.49,866.68,35.98,1130.85,2896.08,4308.39,9034529.89,2076.91,553.79,511909.82,518.44,40.88,-833354.89,-3999959.08,432524798.64,2798039.44,82543.07,78193856.09,2675228.59,64877619.20,84952307.66,-26885251.70
2023-11-01,-45.09,-102.67,9497.12,49.47,3.37,1199.78,35.23,1098.14,2326.64,4285.02,9185300.69,1715.62,3229.08,673348.42,537.61,0.00,273537.81,555815.92,738851225.31,4276347.25,1369051.68,167139976.17,4213183.79,109304666.65,138657997.15,129259485.18
2023-12-01,-48.42,-105.23,10326.71,31.18,2.56,1187.79,37.52,1019.22,2667.08,4797.79,9884643.61,1372.42,2804.58,669362.42,530.13,77.38,70156.46,1032540.24,809012226.56,2452046.31,1842654.34,161879558.63,5590676.58,90389167.35,133387623.55,194101071.90
2024-01-01,-53.84,-102.16,11259.12,21.23,20.56,1274.26,41.44,911.75,2591.04,4675.25,10847255.80,1003.59,18072.45,717475.89,561.27,0.00,374535.97,4418584.35,1209229770.75,1925450.49,16408760.30,289959270.81,11535603.27,119817339.12,143869991.19,303267059.46
2024-02-01,-57.23,-111.20,10796.12,24.42,11.60,1490.37,44.76,1016.76,2337.33,4406.49,10361334.76,1142.68,11916.85,835398.84,561.63,129.93,1155988.72,4596698.10,1227927840.17,3165157.82,9798293.76,326681753.84,14206068.06,226318335.49,190575243.18,440823896.76
2024-03-01,-63.15,-121.46,10944.20,24.26,1.27,1215.64,50.34,1006.31,2598.46,4156.13,10559933.96,1162.70,1422.04,689826.23,567.96,0.00,1254234.62,3388096.38,820861993.96,1983806.96,633270.76,145957435.28,7594861.87,92757305.98,166645605.90,202471100.47
2024-04-01,-69.74,-123.78,10282.70,29.38,2.12,1263.09,56.69,1110.11,2179.90,3317.58,9940692.53,1259.59,2185.69,706399.62,590.12,93.54,2442306.87,2374496.15,967269832.50,2676860.39,525089.56,157122224.64,9213431.55,111692408.37,162066938.29,134868414.56
2024-05-01,-79.71,-158.87,11504.57,26.29,4.79,1846.75,64.27,1162.28,2271.98,2736.14,11079681.74,1068.80,4687.36,1031999.62,625.30,189.48,5937310.55,5678862.77,1926379295.26,5896630.11,4716922.22,415810876.02,20706553.13,389748206.88,275751490.01,189836376.47
2024-06-01,-74.79,-162.12,12153.00,34.74,12.18,2342.60,60.87,1236.10,2182.48,2348.29,11725124.25,1275.07,12550.72,1314786.25,648.36,0.00,7451492.87,6036348.52,1832797586.24,4807748.55,4202239.52,448381745.11,14184408.98,266538757.04,249797653.27,162982113.40
2024-07-01,-84.69,-162.85,11946.83,41.52,3.27,2236.48,67.13,1263.64,3232.80,2672.27,11563101.05,1393.31,3471.34,1239714.06,603.67,0.00,6637638.73,5389149.36,1661309654.48,5137373.52,6441449.00,531400261.04,22246764.75,288546005.86,342947368.93,148596365.03
2024-08-01,-96.79,-188.23,10530.56,42.34,2.82,1810.07,74.18,1115.04,3216.17,3240.81,10141640.67,1582.35,2751.09,1011600.47,565.03,0.00,4765876.66,2772288.97,1842678219.09,6879245.62,3921036.05,505615225.83,36547348.72,335802388.29,220612098.21,124685689.01
2024-09-01,-87.11,-206.44,9062.19,59.94,2.31,1047.07,56.71,1160.28,3367.07,3848.87,8766532.58,1959.51,2363.88,615899.71,512.63,0.00,-620728.04,-4751393.47,526840691.46,3427352.90,1985372.43,130050249.42,8910106.89,72652014.89,100133377.94,-55555402.82
2024-10-01,-124.46,-160.82,8884.56,59.09,5.93,997.46,94.48,1260.42,2776.64,4767.51,8506378.93,1969.81,4484.46,609353.38,491.48,0.00,-487811.13,-2685806.29,688445119.17,4732038.28,1224216.31,126732738.93,12158981.07,112791298.63,132393728.43,-1434102.76
2024-11-01,-113.23,-189.94,9051.15,56.30,9.95,1401.51,85.01,1284.84,2513.52,4801.21,8724945.46,1860.26,9878.88,801409.48,504.65,189.18,3337556.86,7738447.55,1637861190.83,10083355.97,16800195.21,353360748.16,25728073.91,333275374.94,273645560.53,320068856.09
2024-12-01,-126.54,-226.17,10029.25,40.65,14.50,1425.25,100.19,1012.09,2633.04,5777.15,9582713.12,1556.16,14786.53,792600.38,502.51,133.13,3776488.75,6103179.46,1314442932.88,6410954.32,8598955.12,274243469.45,22196563.79,185271298.88,200592692.85,316083858.27
2025-01-01,-125.06,-166.71,10562.24,32.10,5.83,1290.25,98.29,865.96,2833.79,5592.85,10116485.72,1315.35,5931.33,717548.07,516.51,0.00,2822066.84,1641666.38,1071834972.73,2939482.68,8065468.99,222804598.67,18964213.08,124648125.98,199315542.59,218904213.04
2025-02-01,-123.37,-156.56,9666.85,20.90,3.19,1235.97,95.36,871.80,2757.59,4896.97,9253098.16,1057.82,3373.89,692242.08,516.37,0.00,3792050.78,1135271.89,882968383.73,2111896.80,1609321.79,186634523.04,19757622.20,130826447.63,210046586.78,212555450.07
2025-03-01,-123.84,-147.80,11053.86,20.38,0.47,1222.10,93.90,957.58,3019.92,4331.51,10637599.45,1067.58,484.60,684754.20,554.33,0.00,3951558.84,2731394.03,983841043.34,2320571.13,116886.79,153022608.35,14063432.78,126303540.92,197311425.00,158255822.78
2025-04-01,-165.07,-141.89,9874.66,6.65,2.34,1182.68,130.97,1025.67,2384.37,3803.81,9628573.32,744.89,1472.68,671566.81,569.06,104.78,6115441.27,985062.31,1035907431.52,1309487.63,290745.62,170131342.45,21526171.29,146703601.48,181966617.11,120756500.76
2025-05-01,-186.97,-152.61,10691.44,7.29,4.29,1504.26,150.72,1251.02,2929.38,3178.74,10363305.66,828.91,3333.50,812160.83,576.94,0.00,10460866.34,4032937.51,1178635810.28,1870990.16,657250.81,219231975.60,26478547.90,208325284.71,193014949.57,146218745.83
2025-06-01,-228.66,-159.98,11377.79,28.81,2.03,2189.90,188.16,1375.23,3198.97,2711.87,10913679.94,1400.38,2062.45,1195425.38,585.60,0.00,20959695.23,7004571.28,2714557564.57,9231637.29,769275.33,949145223.70,114775247.63,605793516.04,351844932.41,190025292.20
2025-07-01,-258.92,-155.70,11792.56,61.94,4.20,1824.57,217.06,1157.37,4015.18,3011.55,11410595.40,2007.17,4988.36,993391.11,572.73,0.00,15162876.48,2543354.30,1158930165.65,6718783.53,4370495.96,349201660.32,39307558.89,156519006.73,283175570.79,123184073.87
2025-08-01,-274.02,-163.95,10928.92,66.01,1.21,1853.29,227.62,1139.96,3530.33,3679.59,10552460.91,1800.48,1118.17,1004256.18,550.75,0.00,14543011.91,889220.62,1131973984.02,7139184.67,330159.40,277786517.51,37922039.94,170353837.05,271797661.31,116944782.77
2025-09-01,-270.48,-220.46,8800.42,63.88,1.93,1072.79,223.53,1117.05,3694.27,4455.85,8379250.22,1825.57,1687.93,616289.69,475.17,71.12,5706741.02,-2342066.43,688897222.87,5691151.74,486336.98,139039814.91,28075458.34,82593959.91,182199293.54,37306551.47
2025-10-01,-302.49,-190.01,8751.66,83.32,2.52,1072.67,247.90,1153.89,3434.09,5225.37,8386104.98,2209.25,2257.03,606439.38,461.88,69.92,5770530.85,-1574630.69,675419923.76,6747441.04,386862.03,120569292.13,28244480.66,86697289.61,166822618.36,81614092.86
2025-11-01,-326.27,-189.96,8704.88,64.57,2.14,837.08,263.05,1008.25,3412.34,5506.25,8359423.83,1732.57,1816.81,470461.61,458.11,67.31,2351651.67,-228635.78,627165161.64,4553590.59,454989.45,77183010.31,27352368.24,82886819.95,154656349.21,107118398.04
2025-12-01,-442.05,-185.59,9221.14,48.78,1.74,1039.14,371.98,974.11,3240.11,6350.97,8810956.38,1366.66,1460.62,581264.31,455.62,0.00,4987338.40,848056.71,606497527.12,3617036.25,436721.91,112846669.15,33549355.63,99328620.72,158919255.55,135805942.43
2026-01-01,-454.78,-157.64,9855.22,67.34,1.12,1046.75,376.25,1000.45,3491.34,6329.95,9472441.39,1795.85,1046.19,586058.07,466.75,0.00,14681538.40,2723120.57,691596984.55,5257376.20,745772.72,259648696.62,71467257.43,131689893.16,219880176.36,237491611.30
2026-02-01,-409.34,-111.33,9357.49,71.56,2.06,1034.10,335.75,995.03,3102.58,5123.17,8967915.38,1796.40,1965.35,560608.60,488.81,0.00,15291532.98,2615741.51,703407599.14,6038000.61,435913.49,121306105.35,38982101.19,109684726.56,188678653.57,260054611.19